"namespace","noc","nac"
"org.jkiss.dbeaver.ext.oracle.model",83,13
"org.jkiss.dbeaver.ext.postgresql.model",83,15
"org.jkiss.dbeaver.model",75,58
"org.jkiss.dbeaver.ui",71,32
"org.jkiss.dbeaver.ui.controls.resultset",59,24
"org.jkiss.dbeaver.model.data",57,41
"org.jkiss.dbeaver.ui.controls",53,7
"org.jkiss.dbeaver.ext.db2.model.dict",53,0
"org.jkiss.dbeaver.model.struct",50,42
"org.jkiss.dbeaver.registry",47,4
"org.jkiss.dbeaver.ui.editors",44,19
"org.jkiss.dbeaver.ui.navigator.actions",44,5
"org.jkiss.dbeaver.ext.db2.model",43,5
"org.jkiss.dbeaver.ext.generic.model",41,8
"org.jkiss.dbeaver.ext.mssql.model",40,5
"org.jkiss.dbeaver.ext.mysql.model",38,4
"org.jkiss.dbeaver.model.exec",35,26
"org.jkiss.dbeaver.ui.editors.sql",34,9
"org.jkiss.dbeaver.ext.exasol.model",33,2
"org.jkiss.dbeaver.ui.dialogs.connection",31,5
"org.jkiss.dbeaver.ext.db2.model.security",31,3
"org.jkiss.dbeaver.model.sql",30,11
"org.jkiss.dbeaver.model.runtime",29,16
"org.jkiss.dbeaver.model.struct.rdb",27,21
"org.jkiss.dbeaver.ui.dialogs",27,6
"org.jkiss.dbeaver.ui.actions.datasource",26,3
"org.jkiss.dbeaver.ext.postgresql.tasks",26,2
"org.jkiss.dbeaver.ext.db2.manager",25,1
"org.jkiss.dbeaver.ui.editors.sql.handlers",25,0
"org.jkiss.dbeaver.model.edit",24,24
"org.jkiss.dbeaver.model.task",23,17
"org.jkiss.utils",21,4
"org.jkiss.dbeaver.ui.preferences",21,2
"org.jkiss.dbeaver.ext.postgresql.edit",21,1
"org.jkiss.dbeaver.model.impl",21,8
"org.jkiss.dbeaver.model.navigator",21,8
"org.jkiss.dbeaver.erd.model",20,5
"org.jkiss.dbeaver.model.connection",20,11
"org.jkiss.dbeaver.ext.db2.model.cache",19,0
"org.jkiss.dbeaver.ext.firebird.model",19,2
"org.jkiss.dbeaver.ext.mysql.tasks",19,3
"org.jkiss.dbeaver.ext.vertica.model",19,0
"org.jkiss.dbeaver.ext.wmi.model",19,3
"org.jkiss.dbeaver.model.app",19,19
"org.jkiss.dbeaver.ext.greenplum.model",18,0
"org.jkiss.dbeaver.registry.driver",18,1
"org.jkiss.dbeaver.ui.dashboard.view",18,1
"org.jkiss.dbeaver.ui.data.editors",18,3
"org.jkiss.dbeaver.ui.editors.sql.syntax",18,0
"org.jkiss.dbeaver.ui.editors.sql.templates",18,2
"org.jkiss.dbeaver.tools.transfer.stream",17,5
"org.jkiss.dbeaver.erd.ui.action",17,0
"org.jkiss.dbeaver.ext.exasol.ui.config",17,0
"org.jkiss.dbeaver.ext.mssql.edit",17,2
"org.jkiss.dbeaver.ext.oracle.data",17,1
"org.jkiss.dbeaver.model.impl.jdbc.data",17,3
"org.jkiss.dbeaver.model.impl.jdbc",17,4
"org.jkiss.dbeaver.ui.data.managers",17,4
"org.jkiss.dbeaver.ui.gis.panel",16,0
"org.jkiss.dbeaver.debug",16,12
"org.jkiss.dbeaver.ext.exasol.manager",16,0
"org.jkiss.dbeaver.ext.oracle.tasks",16,0
"org.jkiss.dbeaver.ext.postgresql.model.data",16,0
"org.jkiss.dbeaver.model.impl.data",16,8
"org.jkiss.dbeaver.model.impl.jdbc.exec",16,0
"org.jkiss.dbeaver.model.impl.struct",16,12
"org.jkiss.dbeaver.model.meta",16,4
"org.jkiss.dbeaver.model.virtual",16,3
"org.jkiss.dbeaver.erd.ui.command",15,1
"org.jkiss.dbeaver.erd.ui.editor",15,1
"org.jkiss.dbeaver.ext.hana.model",15,0
"org.jkiss.dbeaver.runtime",15,5
"org.jkiss.dbeaver.runtime.properties",15,6
"org.jkiss.dbeaver.ui.dashboard.model",15,6
"org.jkiss.dbeaver.ui.data",15,12
"org.jkiss.dbeaver.ui.navigator.database",15,1
"org.jkiss.dbeaver.tools.transfer",14,7
"org.jkiss.dbeaver.ext.oracle.edit",14,0
"org.jkiss.dbeaver.ext.sqlite.model",14,0
"org.jkiss.dbeaver.model.impl.data.formatters",14,0
"org.jkiss.dbeaver.model.impl.jdbc.data.handlers",14,2
"org.jkiss.dbeaver.model.qm",14,8
"org.jkiss.dbeaver.model.text.parser",14,9
"org.jkiss.dbeaver.ui.notifications",14,5
"org.jkiss.dbeaver.ui.dialogs.driver",14,1
"org.jkiss.dbeaver.ui.controls.lightgrid",14,6
"org.jkiss.dbeaver.ui.editors.entity",14,3
"org.jkiss.wmi.service",13,3
"org.jkiss.dbeaver.ext.exasol.model.security",13,1
"org.jkiss.dbeaver.ext.postgresql.ui.config",13,0
"org.jkiss.dbeaver.model.access",13,10
"org.jkiss.dbeaver.tasks.ui.view",13,2
"org.jkiss.dbeaver.ui.actions",12,2
"org.jkiss.dbeaver.erd.ui.policy",12,0
"org.jkiss.dbeaver.ext.db2.tasks",12,1
"org.jkiss.dbeaver.ext.mysql.ui.config",12,0
"org.jkiss.dbeaver.ext.oracle.ui.config",12,0
"org.jkiss.dbeaver.ext.postgresql.tools",12,1
"org.jkiss.dbeaver.lang",12,9
"org.jkiss.dbeaver.model.impl.data.transformers",12,0
"org.jkiss.dbeaver.model.sql.generator",12,4
"org.jkiss.dbeaver.model.sql.parser.rules",12,0
"org.jkiss.dbeaver.model.sql.parser.tokens",12,0
"org.jkiss.dbeaver.model.sql.registry",12,0
"org.jkiss.dbeaver.ui.controls.resultset.handler",12,0
"org.jkiss.dbeaver.ui.editors.binary",12,1
"org.jkiss.dbeaver.ui.navigator",12,4
"org.jkiss.dbeaver.tools.transfer.stream.exporter",11,1
"org.jkiss.dbeaver.debug.ui",11,5
"org.jkiss.dbeaver.erd.ui.model",11,4
"org.jkiss.dbeaver.ext.db2.model.plan",11,1
"org.jkiss.dbeaver.ext.mssql.model.generic",11,0
"org.jkiss.dbeaver.ext.mysql.edit",11,0
"org.jkiss.dbeaver.ext.postgresql.model.impls.redshift",11,0
"org.jkiss.dbeaver.model.data.aggregate",11,2
"org.jkiss.dbeaver.model.exec.plan",11,8
"org.jkiss.dbeaver.model.net.ssh",11,3
"org.jkiss.dbeaver.ui.app.standalone",11,1
"org.jkiss.dbeaver.ui.editors.object.struct",11,2
"org.jkiss.dbeaver.core",10,2
"org.jkiss.dbeaver.tools.transfer.database",10,1
"org.jkiss.dbeaver.debug.ui.internal",10,0
"org.jkiss.dbeaver.ext.mysql.tools",10,1
"org.jkiss.dbeaver.ext.postgresql.ui",10,0
"org.jkiss.dbeaver.model.impl.edit",10,4
"org.jkiss.dbeaver.model.impl.jdbc.cache",10,8
"org.jkiss.dbeaver.registry.task",10,0
"org.jkiss.dbeaver.tasks.ui.wizard",10,1
"org.jkiss.dbeaver.ui.editors.text",10,3
"org.jkiss.dbeaver.ui.data.managers.stream",10,0
"org.jkiss.dbeaver.ui.editors.xml",10,0
"org.jkiss.dbeaver.tools.project",9,0
"org.jkiss.dbeaver.erd.ui.editor.tools",9,0
"org.jkiss.dbeaver.erd.ui.part",9,4
"org.jkiss.dbeaver.ext.oracle.ui.editors",9,1
"org.jkiss.dbeaver.ext.postgresql.model.impls",9,1
"org.jkiss.dbeaver.ext.postgresql",9,0
"org.jkiss.dbeaver.ext.postgresql.debug.internal.impl",9,0
"org.jkiss.dbeaver.ext.ui.locks.graph",9,0
"org.jkiss.dbeaver.model.auth",9,7
"org.jkiss.dbeaver.model.impl.jdbc.struct",9,8
"org.jkiss.dbeaver.model.impl.sql",9,3
"org.jkiss.dbeaver.model.sql.parser",9,0
"org.jkiss.dbeaver.utils",9,1
"org.jkiss.dbeaver.registry.maven",9,1
"org.jkiss.dbeaver.ui.controls.folders",9,4
"org.jkiss.dbeaver.ui.editors.text.handlers",9,2
"org.jkiss.dbeaver.ui.controls.resultset.virtual",9,0
"org.jkiss.dbeaver.ui.editors.sql.dialogs",9,6
"org.jkiss.dbeaver.model.gis",8,3
"org.jkiss.dbeaver.debug.core.model",8,1
"org.jkiss.dbeaver.erd.ui.figures",8,0
"org.jkiss.dbeaver.ext.db2.model.fed",8,0
"org.jkiss.dbeaver.ext.hive.model",8,0
"org.jkiss.dbeaver.ext.mssql.ui.config",8,0
"org.jkiss.dbeaver.ext.mysql.model.plan",8,2
"org.jkiss.dbeaver.ext.postgresql.model.data.type",8,1
"org.jkiss.dbeaver.model.edit.prop",8,7
"org.jkiss.dbeaver.model.exec.jdbc",8,8
"org.jkiss.dbeaver.model.net",8,5
"org.jkiss.dbeaver.runtime.jobs",8,1
"org.jkiss.dbeaver.tasks.ui.nativetool",8,6
"org.jkiss.dbeaver.ui.dashboard.model.data",8,0
"org.jkiss.dbeaver.ui.editors.sql.preferences",8,0
"org.jkiss.utils.csv",7,0
"org.jkiss.dbeaver.tools.compare.simple",7,0
"org.jkiss.dbeaver.tools.transfer.ui.pages.database",7,1
"org.jkiss.dbeaver.erd.ui.navigator",7,0
"org.jkiss.dbeaver.ext.clickhouse.model",7,0
"org.jkiss.dbeaver.ext.db2.editors",7,2
"org.jkiss.dbeaver.ext.db2.ui.tools.maintenance",7,1
"org.jkiss.dbeaver.ext.exasol",7,0
"org.jkiss.dbeaver.ext.exasol.model.cache",7,0
"org.jkiss.dbeaver.ext.firebird.model.plan",7,0
"org.jkiss.dbeaver.ext.generic.edit",7,0
"org.jkiss.dbeaver.ext.mysql.ui.editors",7,1
"org.jkiss.dbeaver.ext.oceanbase.mysql.model",7,0
"org.jkiss.dbeaver.ext.oracle.ui.tools.maintenance",7,1
"org.jkiss.dbeaver.ext.postgresql.tools.maintenance",7,1
"org.jkiss.dbeaver.headless",7,0
"org.jkiss.dbeaver.lang.base",7,0
"org.jkiss.dbeaver.model.admin.sessions",7,7
"org.jkiss.dbeaver.model.navigator.meta",7,1
"org.jkiss.dbeaver.model.preferences",7,7
"org.jkiss.dbeaver.model.struct.cache",7,5
"org.jkiss.dbeaver.model.sql.format.tokenized",7,0
"org.jkiss.dbeaver.model.sql.task",7,5
"org.jkiss.dbeaver.tasks.nativetool",7,6
"org.jkiss.dbeaver.tasks.ui",7,2
"org.jkiss.dbeaver.team.git.ui.handlers",7,1
"org.jkiss.dbeaver.ui.editors.sql.indent",7,2
"org.jkiss.dbeaver.ui.navigator.dialogs",7,0
"org.jkiss.dbeaver.ui.search.data",7,0
"org.jkiss.utils.xml",6,1
"org.jkiss.dbeaver.tools.scripts",6,0
"org.jkiss.dbeaver.tools.transfer.stream.model",6,0
"org.jkiss.dbeaver.ext.db2.ui.config",6,0
"org.jkiss.dbeaver.ext.exasol.editors",6,2
"org.jkiss.dbeaver.ext.greenplum.edit",6,0
"org.jkiss.dbeaver.ext.hana.model.data.wkb",6,0
"org.jkiss.dbeaver.ext.mssql",6,0
"org.jkiss.dbeaver.ext.mssql.tasks",6,1
"org.jkiss.dbeaver.ext.postgresql.model.plan",6,1
"org.jkiss.dbeaver.model.impl.app",6,0
"org.jkiss.dbeaver.model.impl.net",6,0
"org.jkiss.dbeaver.model.impl.sql.edit.struct",6,6
"org.jkiss.dbeaver.model.qm.meta",6,1
"org.jkiss.dbeaver.model.text.parser.rules",6,0
"org.jkiss.dbeaver.registry.maven.versioning",6,2
"org.jkiss.dbeaver.ui.contentassist",6,0
"org.jkiss.dbeaver.ui.internal",6,0
"org.jkiss.dbeaver.ui.dashboard.control",6,2
"org.jkiss.dbeaver.ui.controls.resultset.colors",6,1
"org.jkiss.dbeaver.ui.controls.resultset.generator",6,1
"org.jkiss.dbeaver.ui.editors.content",6,1
"org.jkiss.dbeaver.ui.editors.data.preferences",6,0
"org.jkiss.dbeaver.ui.controls.imageview",6,0
"org.jkiss.dbeaver.ui.editors.sql.convert.impl",6,1
"org.jkiss.dbeaver.ui.editors.entity.handlers",6,0
"org.jkiss.dbeaver.ui.editors.entity.properties",6,0
"org.jkiss.dbeaver.ui.navigator.actions.links",6,2
"org.jkiss.dbeaver.ui.search.metadata",6,0
"org.jkiss.dbeaver.tools.compare.simple.ui",5,0
"org.jkiss.dbeaver.ui.resources.bookmarks",5,0
"org.jkiss.dbeaver.ui.gis",5,2
"org.jkiss.dbeaver.tasks.ui.sql.script",5,0
"org.jkiss.dbeaver.tools.transfer.ui.wizard",5,0
"org.jkiss.dbeaver.debug.sourcelookup",5,0
"org.jkiss.dbeaver.debug.ui.details",5,2
"org.jkiss.dbeaver.erd.ui",5,0
"org.jkiss.dbeaver.erd.ui.layout.algorithm.direct",5,0
"org.jkiss.dbeaver.ext.athena.model",5,0
"org.jkiss.dbeaver.ext.db2",5,0
"org.jkiss.dbeaver.ext.exasol.ui.tools",5,1
"org.jkiss.dbeaver.ext.format.sqlworkbenchj",5,0
"org.jkiss.dbeaver.ext.generic.model.meta",5,1
"org.jkiss.dbeaver.ext.hsqldb.model",5,0
"org.jkiss.dbeaver.ext.import_config.wizards",5,2
"org.jkiss.dbeaver.ext.import_config.wizards.navicat",5,0
"org.jkiss.dbeaver.ext.mysql.tools.maintenance",5,0
"org.jkiss.dbeaver.ext.oracle.ui.actions",5,1
"org.jkiss.dbeaver.ext.postgresql.tools.fdw",5,0
"org.jkiss.dbeaver.ext.snowflake.model",5,0
"org.jkiss.dbeaver.ext.vertica.edit",5,0
"org.jkiss.dbeaver.model.data.storage",5,0
"org.jkiss.dbeaver.model.impl.local",5,0
"org.jkiss.dbeaver.model.runtime.load",5,5
"org.jkiss.dbeaver.runtime.encode",5,1
"org.jkiss.dbeaver.runtime.qm",5,1
"org.jkiss.dbeaver.model.sql.completion",5,1
"org.jkiss.dbeaver.tasks.ui.sql",5,0
"org.jkiss.dbeaver.ui.controls.bool",5,1
"org.jkiss.dbeaver.ui.css",5,0
"org.jkiss.dbeaver.ui.controls.resultset.panel.grouping",5,1
"org.jkiss.dbeaver.ui.controls.resultset.spreadsheet",5,0
"org.jkiss.dbeaver.ui.data.dialogs",5,2
"org.jkiss.dbeaver.ui.editors.json",5,0
"org.jkiss.dbeaver.ui.editors.sql.registry",5,0
"org.jkiss.dbeaver.ui.editors.sql.util",5,1
"org.jkiss.dbeaver.ui.navigator.database.load",5,1
"org.jkiss.dbeaver.ext.test.tools",5,0
"org.jkiss.dbeaver.model.sql.analyzer.builder",5,1
"org.jkiss.dbeaver",4,1
"org.jkiss.dbeaver.ui.actions.common",4,0
"org.jkiss.dbeaver.ui.controls.txn",4,1
"org.jkiss.dbeaver.data.gis.handlers",4,0
"org.jkiss.dbeaver.tools.transfer.registry",4,0
"org.jkiss.dbeaver.tools.transfer.ui.registry",4,0
"org.jkiss.dbeaver.debug.core.breakpoints",4,2
"org.jkiss.dbeaver.debug.ui.actions",4,0
"org.jkiss.dbeaver.erd.ui.directedit",4,1
"org.jkiss.dbeaver.erd.ui.dnd",4,0
"org.jkiss.dbeaver.erd.ui.export",4,1
"org.jkiss.dbeaver.erd.ui.layout",4,0
"org.jkiss.dbeaver.ext.bigquery.model",4,0
"org.jkiss.dbeaver.ext.db2.data",4,0
"org.jkiss.dbeaver.ext.exasol.model.dict",4,0
"org.jkiss.dbeaver.ext.generic.views",4,0
"org.jkiss.dbeaver.ext.h2.model",4,0
"org.jkiss.dbeaver.ext.import_config.wizards.custom",4,0
"org.jkiss.dbeaver.ext.mssql.edit.generic",4,0
"org.jkiss.dbeaver.ext.mssql.ui",4,0
"org.jkiss.dbeaver.ext.mssql.ui.tools.maintenance",4,0
"org.jkiss.dbeaver.ext.mysql.data",4,0
"org.jkiss.dbeaver.ext.mysql",4,0
"org.jkiss.dbeaver.ext.ocient.model.plan",4,1
"org.jkiss.dbeaver.ext.oracle.model.dict",4,0
"org.jkiss.dbeaver.ext.oracle.model.session",4,0
"org.jkiss.dbeaver.ext.oracle.ui.tools",4,0
"org.jkiss.dbeaver.ext.postgresql.debug.internal",4,0
"org.jkiss.dbeaver.ext.postgresql.debug.ui.internal",4,0
"org.jkiss.dbeaver.ext.postgresql.ui.editors",4,0
"org.jkiss.dbeaver.ext.spanner.model",4,0
"org.jkiss.dbeaver.ext.teradata.model",4,0
"org.jkiss.dbeaver.ext.ui.svg",4,0
"org.jkiss.dbeaver.ext.ui.tipoftheday",4,0
"org.jkiss.dbeaver.lang.parser",4,0
"org.jkiss.dbeaver.model.data.document",4,4
"org.jkiss.dbeaver.model.exec.compile",4,2
"org.jkiss.dbeaver.model.impl.admin.locks",4,1
"org.jkiss.dbeaver.model.impl.plan",4,3
"org.jkiss.dbeaver.model.runtime.features",4,0
"org.jkiss.dbeaver.runtime.ui",4,4
"org.jkiss.dbeaver.model.sql.commands",4,0
"org.jkiss.dbeaver.model.sql.format",4,2
"org.jkiss.dbeaver.registry.datatype",4,1
"org.jkiss.dbeaver.ui.controls.autorefresh",4,0
"org.jkiss.dbeaver.ui.properties",4,0
"org.jkiss.dbeaver.ui.app.standalone.actions",4,0
"org.jkiss.dbeaver.ui.dashboard.registry",4,0
"org.jkiss.dbeaver.ui.editors.acl",4,3
"org.jkiss.dbeaver.ui.dialogs.net",4,1
"org.jkiss.dbeaver.ui.controls.resultset.view",4,0
"org.jkiss.dbeaver.ui.editors.data",4,1
"org.jkiss.dbeaver.ui.navigator.itemlist",4,3
"org.jkiss.dbeaver.ui.search",4,3
"org.jkiss.dbeaver.ui.resources",3,1
"org.jkiss.dbeaver.ui.views.process",3,0
"org.jkiss.dbeaver.ui.views.qm",3,0
"org.jkiss.dbeaver.ui.gis.internal",3,0
"org.jkiss.dbeaver.ui.gis.registry",3,0
"org.jkiss.dbeaver.tools.transfer.task",3,0
"org.jkiss.dbeaver.tools.transfer.transformers",3,0
"org.jkiss.dbeaver.tools.transfer.ui.handlers",3,1
"org.jkiss.dbeaver.tools.transfer.ui.pages.stream",3,0
"org.jkiss.dbeaver.ext.datavirtuality.model",3,0
"org.jkiss.dbeaver.ext.db2.model.module",3,0
"org.jkiss.dbeaver.ext.db2.i.model",3,0
"org.jkiss.dbeaver.ext.db2.ui.editors",3,0
"org.jkiss.dbeaver.ext.db2.zos.model",3,0
"org.jkiss.dbeaver.ext.denodo.model",3,0
"org.jkiss.dbeaver.ext.exasol.model.lock",3,0
"org.jkiss.dbeaver.ext.exasol.ui.editors",3,0
"org.jkiss.dbeaver.ext.firebird.edit",3,0
"org.jkiss.dbeaver.ext.hana.model.data",3,0
"org.jkiss.dbeaver.ext.hive.model.edit",3,0
"org.jkiss.dbeaver.ext.mysql.ui.views",3,0
"org.jkiss.dbeaver.ext.netezza.model",3,0
"org.jkiss.dbeaver.ext.oceanbase.model.plan",3,0
"org.jkiss.dbeaver.ext.oracle.internal",3,0
"org.jkiss.dbeaver.ext.oracle.model.auth",3,0
"org.jkiss.dbeaver.ext.oracle.model.lock",3,0
"org.jkiss.dbeaver.ext.oracle.model.plan",3,0
"org.jkiss.dbeaver.ext.oracle.oci",3,0
"org.jkiss.dbeaver.ext.oracle.ui.views",3,0
"org.jkiss.dbeaver.ext.phoenix.model",3,0
"org.jkiss.dbeaver.ext.postgresql.model.lock",3,0
"org.jkiss.dbeaver.ext.sample.database",3,0
"org.jkiss.dbeaver.ext.snowflake",3,0
"org.jkiss.dbeaver.ext.snowflake.views",3,0
"org.jkiss.dbeaver.ext.sqlite.model.data",3,0
"org.jkiss.dbeaver.ext.vertica",3,0
"org.jkiss.dbeaver.ext.wmi",3,0
"org.jkiss.dbeaver.model.admin.locks",3,3
"org.jkiss.dbeaver.model.data.json",3,0
"org.jkiss.dbeaver.model.impl.auth",3,0
"org.jkiss.dbeaver.model.impl.preferences",3,2
"org.jkiss.dbeaver.registry.formatter",3,0
"org.jkiss.dbeaver.runtime.net",3,0
"org.jkiss.dbeaver.runtime.serialize",3,1
"org.jkiss.dbeaver.model.sql.eval",3,0
"org.jkiss.dbeaver.model.net.ssh.config",3,0
"org.jkiss.dbeaver.ui.net.ssh",3,0
"org.jkiss.dbeaver.registry.updater",3,0
"org.jkiss.dbeaver.tasks.ui.internal",3,0
"org.jkiss.dbeaver.tools.registry",3,0
"org.jkiss.dbeaver.ui.dialogs.exec",3,0
"org.jkiss.dbeaver.ui.dnd",3,1
"org.jkiss.dbeaver.ui.app.standalone.about",3,0
"org.jkiss.dbeaver.ui.app.standalone.internal",3,0
"org.jkiss.dbeaver.ui.app.standalone.rpc",3,1
"org.jkiss.dbeaver.ui.app.standalone.update",3,1
"org.jkiss.dbeaver.ui.charts",3,0
"org.jkiss.dbeaver.ui.dashboard.internal",3,0
"org.jkiss.dbeaver.ui.controls.resultset.panel.references",3,0
"org.jkiss.dbeaver.ui.controls.resultset.panel.valueviewer",3,0
"org.jkiss.dbeaver.ui.controls.resultset.valuefilter",3,1
"org.jkiss.dbeaver.ui.data.registry",3,0
"org.jkiss.dbeaver.ui.editors.data.internal",3,0
"org.jkiss.dbeaver.ui.data.managers.image",3,0
"org.jkiss.dbeaver.ui.views.session",3,1
"org.jkiss.dbeaver.ui.editors.sql.generator",3,0
"org.jkiss.dbeaver.ui.editors.sql.internal",3,0
"org.jkiss.dbeaver.ui.editors.sql.plan.simple",3,0
"org.jkiss.dbeaver.ui.editors.sql.preferences.format",3,2
"org.jkiss.dbeaver.ui.editors.sql.variables",3,0
"org.jkiss.dbeaver.ui.navigator.actions.node",3,0
"org.jkiss.dbeaver.ui.navigator.project",3,1
"org.jkiss.dbeaver.ui.project",3,0
"org.jkiss.dbeaver.ext.test.handlers",3,0
"org.jkiss.code",2,0
"org.jkiss.utils.io",2,0
"org.jkiss.dbeaver.ui.e4",2,0
"org.jkiss.dbeaver.ui.views",2,0
"org.jkiss.dbeaver.data.office.export",2,0
"org.jkiss.dbeaver.tools.sql",2,0
"org.jkiss.dbeaver.tools.sql.task",2,0
"org.jkiss.dbeaver.tools.transfer.stream.importer",2,1
"org.jkiss.dbeaver.tools.transfer.ui.internal",2,0
"org.jkiss.dbeaver.debug.core",2,0
"org.jkiss.dbeaver.debug.jdbc",2,1
"org.jkiss.dbeaver.erd.ui.internal",2,0
"org.jkiss.dbeaver.ext.clickhouse.edit",2,0
"org.jkiss.dbeaver.ext.datavirtuality",2,0
"org.jkiss.dbeaver.ext.datavirtuality.views",2,0
"org.jkiss.dbeaver.ext.db2.info",2,0
"org.jkiss.dbeaver.ext.db2.model.app",2,0
"org.jkiss.dbeaver.ext.db2.ui.tools",2,0
"org.jkiss.dbeaver.ext.db2.ui.views",2,0
"org.jkiss.dbeaver.ext.denodo",2,0
"org.jkiss.dbeaver.ext.denodo.views",2,0
"org.jkiss.dbeaver.ext.derby.model",2,0
"org.jkiss.dbeaver.ext.exasol.model.app",2,0
"org.jkiss.dbeaver.ext.exasol.model.plan",2,0
"org.jkiss.dbeaver.ext.exasol.tools",2,0
"org.jkiss.dbeaver.ext.exasol.ui",2,0
"org.jkiss.dbeaver.ext.firebird",2,0
"org.jkiss.dbeaver.ext.generic.data",2,0
"org.jkiss.dbeaver.ext.generic",2,0
"org.jkiss.dbeaver.ext.h2gis.data",2,0
"org.jkiss.dbeaver.ext.hana.edit",2,0
"org.jkiss.dbeaver.ext.hana.model.plan",2,0
"org.jkiss.dbeaver.ext.hana.ui.internal",2,0
"org.jkiss.dbeaver.ext.hive.model.jdbc",2,0
"org.jkiss.dbeaver.ext.import_config",2,0
"org.jkiss.dbeaver.ext.import_config.wizards.dbvis",2,0
"org.jkiss.dbeaver.ext.import_config.wizards.squirrel",2,0
"org.jkiss.dbeaver.ext.informix.model",2,0
"org.jkiss.dbeaver.ext.mssql.internal",2,0
"org.jkiss.dbeaver.ext.mssql.model.data",2,0
"org.jkiss.dbeaver.ext.mssql.model.session",2,0
"org.jkiss.dbeaver.ext.mssql.ui.editors",2,0
"org.jkiss.dbeaver.ext.mysql.model.session",2,0
"org.jkiss.dbeaver.ext.mysql.sql",2,0
"org.jkiss.dbeaver.ext.mysql.ui.controls",2,0
"org.jkiss.dbeaver.ext.oceanbase.ui.internal",2,0
"org.jkiss.dbeaver.ext.ocient.model",2,0
"org.jkiss.dbeaver.ext.oracle.model.source",2,2
"org.jkiss.dbeaver.ext.oracle.sql",2,0
"org.jkiss.dbeaver.ext.oracle.ui.internal",2,0
"org.jkiss.dbeaver.ext.oracle.ui.tools.sqldeveloper",2,0
"org.jkiss.dbeaver.ext.phoenix.model.data",2,0
"org.jkiss.dbeaver.ext.postgresql.model.fdw",2,0
"org.jkiss.dbeaver.ext.postgresql.model.generic",2,0
"org.jkiss.dbeaver.ext.postgresql.model.impls.yellowbrick",2,0
"org.jkiss.dbeaver.ext.postgresql.model.jdbc",2,0
"org.jkiss.dbeaver.ext.postgresql.model.session",2,0
"org.jkiss.dbeaver.ext.snowflake.internal",2,0
"org.jkiss.dbeaver.ext.sqlite.edit",2,0
"org.jkiss.dbeaver.ext.ui.locks.table",2,0
"org.jkiss.dbeaver.lang.sql.model",2,1
"org.jkiss.dbeaver.lang.sql",2,0
"org.jkiss.dbeaver.model.impl.sql.edit",2,2
"org.jkiss.dbeaver.model.navigator.registry",2,0
"org.jkiss.dbeaver.registry.expressions",2,0
"org.jkiss.dbeaver.model.sql.internal",2,0
"org.jkiss.dbeaver.model.net.ssh.registry",2,0
"org.jkiss.dbeaver.ui.net.ssh.jsch",2,0
"org.jkiss.dbeaver.registry.language",2,0
"org.jkiss.dbeaver.registry.network",2,0
"org.slf4j.impl",2,0
"org.jkiss.dbeaver.tasks.ui.registry",2,0
"org.jkiss.dbeaver.ui.controls.finder",2,0
"org.jkiss.dbeaver.ui.help",2,0
"org.jkiss.dbeaver.ui.charts.internal",2,0
"org.jkiss.dbeaver.registry.configurator",2,0
"org.jkiss.dbeaver.registry.functions",2,0
"org.jkiss.dbeaver.ui.controls.resultset.panel",2,0
"org.jkiss.dbeaver.ui.editors.binary.dialogs",2,0
"org.jkiss.dbeaver.ui.editors.binary.internal",2,0
"org.jkiss.dbeaver.ui.editors.binary.pref",2,0
"org.jkiss.dbeaver.ui.controls.querylog",2,1
"org.jkiss.dbeaver.ui.editors.sql.commands",2,0
"org.jkiss.dbeaver.ui.editors.sql.convert",2,1
"org.jkiss.dbeaver.ui.editors.sql.log",2,0
"org.jkiss.dbeaver.ui.editors.sql.plan.registry",2,0
"org.jkiss.dbeaver.ui.internal.registry",2,0
"org.jkiss.dbeaver.model.sql.analyzer.builder.request",2,1
"org.jkiss.utils.time",1,0
"org.jkiss.wmi.test",1,0
"org.jkiss.dbeaver.tools.compare.simple.ui.internal",1,0
"org.jkiss.dbeaver.ui.perspective",1,0
"org.jkiss.dbeaver.ui.resources.shortcuts",1,0
"org.jkiss.dbeaver.data.console",1,0
"org.jkiss.dbeaver.ui.gis.presentation",1,0
"org.jkiss.dbeaver.data.office.ui.handlers",1,0
"org.jkiss.dbeaver.data.office.ui",1,0
"org.jkiss.dbeaver.tools.transfer.internal",1,0
"org.jkiss.dbeaver.debug.internal.core",1,0
"org.jkiss.dbeaver.debug.internal",1,0
"org.jkiss.dbeaver.erd.model.internal",1,0
"org.jkiss.dbeaver.ext.athena",1,0
"org.jkiss.dbeaver.ext.athena.ui",1,0
"org.jkiss.dbeaver.ext.athena.ui.internal",1,0
"org.jkiss.dbeaver.ext.athena.ui.views",1,0
"org.jkiss.dbeaver.ext.bigquery",1,0
"org.jkiss.dbeaver.ext.bigquery.ui",1,0
"org.jkiss.dbeaver.ext.bigquery.ui.internal",1,0
"org.jkiss.dbeaver.ext.bigquery.ui.views",1,0
"org.jkiss.dbeaver.ext.clickhouse",1,0
"org.jkiss.dbeaver.ext.db2.i",1,0
"org.jkiss.dbeaver.ext.db2.ui",1,0
"org.jkiss.dbeaver.ext.db2.ui.internal",1,0
"org.jkiss.dbeaver.ext.db2.zos",1,0
"org.jkiss.dbeaver.ext.elasticsearch",1,0
"org.jkiss.dbeaver.ext.exasol.sql",1,0
"org.jkiss.dbeaver.ext.exasol.ui.internal",1,0
"org.jkiss.dbeaver.ext.exasol.ui.views",1,0
"org.jkiss.dbeaver.ext.generic.editors",1,0
"org.jkiss.dbeaver.ext.generic.internal",1,0
"org.jkiss.dbeaver.ext.greenplum",1,0
"org.jkiss.dbeaver.ext.h2.edit",1,0
"org.jkiss.dbeaver.ext.h2gis",1,0
"org.jkiss.dbeaver.ext.h2gis.model",1,0
"org.jkiss.dbeaver.ext.hana",1,0
"org.jkiss.dbeaver.ext.hana.ui.views",1,0
"org.jkiss.dbeaver.ext.informix",1,0
"org.jkiss.dbeaver.ext.kognitio",1,0
"org.jkiss.dbeaver.ext.kognitio.model",1,0
"org.jkiss.dbeaver.ext.mssql.ui.views",1,0
"org.jkiss.dbeaver.ext.mysql.model.net",1,0
"org.jkiss.dbeaver.ext.mysql.ui.internal",1,0
"org.jkiss.dbeaver.ext.mysql.ui",1,0
"org.jkiss.dbeaver.ext.netezza",1,0
"org.jkiss.dbeaver.ext.oceanbase.data",1,0
"org.jkiss.dbeaver.ext.oceanbase.model.auth",1,0
"org.jkiss.dbeaver.ext.oceanbase",1,0
"org.jkiss.dbeaver.ext.oceanbase.ui.views",1,0
"org.jkiss.dbeaver.ext.ocient",1,0
"org.jkiss.dbeaver.ext.opendistro",1,0
"org.jkiss.dbeaver.ext.oracle",1,0
"org.jkiss.dbeaver.ext.phoenix",1,0
"org.jkiss.dbeaver.ext.postgresql.model.net",1,0
"org.jkiss.dbeaver.ext.postgresql.sql",1,0
"org.jkiss.dbeaver.ext.postgresql.debug.core",1,0
"org.jkiss.dbeaver.ext.postgresql.debug.internal.console",1,0
"org.jkiss.dbeaver.ext.postgresql.debug",1,0
"org.jkiss.dbeaver.ext.spanner",1,0
"org.jkiss.dbeaver.ext.spanner.ui.internal",1,0
"org.jkiss.dbeaver.ext.spanner.ui",1,0
"org.jkiss.dbeaver.ext.spanner.ui.views",1,0
"org.jkiss.dbeaver.ext.sqlite",1,0
"org.jkiss.dbeaver.ext.sqlite.ui.data.manager",1,0
"org.jkiss.dbeaver.ext.sqlite.ui",1,0
"org.jkiss.dbeaver.ext.teradata",1,0
"org.jkiss.dbeaver.ext.ui.locks.edit",1,1
"org.jkiss.dbeaver.ext.ui.locks",1,0
"org.jkiss.dbeaver.ext.ui.locks.manage",1,0
"org.jkiss.dbeaver.ext.vertica.ui.config",1,0
"org.jkiss.dbeaver.ext.wmi.edit",1,0
"org.jkiss.dbeaver.ext.wmi.views",1,0
"org.jkiss.dbeaver.bundle",1,0
"org.jkiss.dbeaver.model.exec.trace",1,1
"org.jkiss.dbeaver.model.messages",1,0
"org.jkiss.dbeaver.runtime.resource",1,0
"org.jkiss.dbeaver.runtime.ui.console",1,0
"org.jkiss.dbeaver.model.sql.data",1,0
"org.jkiss.dbeaver.model.sql.exec",1,0
"org.jkiss.dbeaver.model.sql.format.external",1,0
"org.jkiss.dbeaver.model.text",1,0
"org.jkiss.dbeaver.registry.internal",1,0
"org.jkiss.dbeaver.tasks.ui.nativetool.internal",1,0
"org.jkiss.dbeaver.tasks.ui.sql.internal",1,0
"org.jkiss.dbeaver.ui.tools",1,1
"org.jkiss.dbeaver.team.git.ui",1,0
"org.jkiss.dbeaver.team.git.ui.internal",1,0
"org.jkiss.dbeaver.team.git.ui.utils",1,0
"org.jkiss.dbeaver.ui.controls.finder.viewer",1,0
"org.jkiss.dbeaver.ui.dashboard.histogram",1,0
"org.jkiss.dbeaver.ui.dashboard.preferences",1,0
"org.jkiss.dbeaver.ui.editors.acl.internal",1,0
"org.jkiss.dbeaver.ui.editors.internal",1,0
"org.jkiss.dbeaver.ui.editors.object.config",1,0
"org.jkiss.dbeaver.ui.editors.object",1,0
"org.jkiss.dbeaver.ui.actions.driver",1,0
"org.jkiss.dbeaver.ui.controls.resultset.internal",1,0
"org.jkiss.dbeaver.ui.controls.resultset.panel.aggregate",1,0
"org.jkiss.dbeaver.ui.controls.resultset.panel.metadata",1,0
"org.jkiss.dbeaver.ui.controls.resultset.plaintext",1,0
"org.jkiss.dbeaver.ui.editors.json.internal",1,0
"org.jkiss.dbeaver.ui.views.session.internal",1,0
"org.jkiss.dbeaver.runtime.sql",1,1
"org.jkiss.dbeaver.ui.editors.sql.execute",1,0
"org.jkiss.dbeaver.ui.editors.sql.plan",1,0
"org.jkiss.dbeaver.ui.editors.sql.preferences.format.tokenized",1,0
"org.jkiss.dbeaver.ui.editors.sql.scripts",1,0
"org.jkiss.dbeaver.ui.search.internal",1,0
"org.jkiss.dbeaver.ext.test.desktop",1,0
"org.jkiss.dbeaver.ext.test.swtbot",1,0
"org.jkiss.dbeaver.ext.test.ui",1,0
"org.jkiss.dbeaver.data.transfer",1,0
"org.jkiss.dbeaver.model.sql.analyzer",1,0
"org.jkiss.dbeaver.test.platform",1,0
