"namespace","ca","ce","instability","abstractness","distance"
"org.jkiss.dbeaver.ext.oracle.model",70,36,0.33962264150943394,0.1566265060240964,0.5037508524664697
"org.jkiss.dbeaver.ext.postgresql.model",118,48,0.2891566265060241,0.18072289156626506,0.5301204819277109
"org.jkiss.dbeaver.model",1368,25,0.017946877243359655,0.7733333333333333,0.20871978942330704
"org.jkiss.dbeaver.ui",707,14,0.019417475728155338,0.4507042253521127,0.5298782989197319
"org.jkiss.dbeaver.ui.controls.resultset",66,48,0.42105263157894735,0.4067796610169492,0.17216770740410348
"org.jkiss.dbeaver.model.data",312,11,0.034055727554179564,0.7192982456140351,0.24664602683178538
"org.jkiss.dbeaver.ui.controls",114,34,0.22972972972972974,0.1320754716981132,0.638194798572157
"org.jkiss.dbeaver.ext.db2.model.dict",0,0,0.0,0.0,1.0
"org.jkiss.dbeaver.model.struct",1004,13,0.012782694198623401,0.84,0.1472173058013766
"org.jkiss.dbeaver.registry",86,46,0.3484848484848485,0.0851063829787234,0.5664087685364281
"org.jkiss.dbeaver.ui.editors",95,21,0.1810344827586207,0.4318181818181818,0.38714733542319746
"org.jkiss.dbeaver.ui.navigator.actions",28,30,0.5172413793103449,0.11363636363636363,0.3691222570532915
"org.jkiss.dbeaver.ext.db2.model",99,31,0.23846153846153847,0.11627906976744186,0.6452593917710197
"org.jkiss.dbeaver.ext.generic.model",140,20,0.125,0.1951219512195122,0.6798780487804879
"org.jkiss.dbeaver.ext.mssql.model",32,26,0.4482758620689655,0.125,0.4267241379310345
"org.jkiss.dbeaver.ext.mysql.model",62,33,0.3473684210526316,0.10526315789473684,0.5473684210526315
"org.jkiss.dbeaver.model.exec",668,19,0.027656477438136828,0.7428571428571429,0.2294863797047203
"org.jkiss.dbeaver.ui.editors.sql",84,52,0.38235294117647056,0.2647058823529412,0.3529411764705883
"org.jkiss.dbeaver.ext.exasol.model",58,29,0.3333333333333333,0.06060606060606061,0.6060606060606061
"org.jkiss.dbeaver.ui.dialogs.connection",34,37,0.5211267605633803,0.16129032258064516,0.3175829168559746
"org.jkiss.dbeaver.ext.db2.model.security",2,13,0.8666666666666667,0.0967741935483871,0.03655913978494618
"org.jkiss.dbeaver.model.sql",243,16,0.06177606177606178,0.36666666666666664,0.5715572715572717
"org.jkiss.dbeaver.model.runtime",1259,7,0.005529225908372828,0.5517241379310345,0.44274663616059273
"org.jkiss.dbeaver.model.struct.rdb",239,5,0.020491803278688523,0.7777777777777778,0.20173041894353372
"org.jkiss.dbeaver.ui.dialogs",164,12,0.06818181818181818,0.2222222222222222,0.7095959595959596
"org.jkiss.dbeaver.ui.actions.datasource",13,32,0.7111111111111111,0.11538461538461539,0.17350427350427344
"org.jkiss.dbeaver.ext.postgresql.tasks",11,22,0.6666666666666666,0.07692307692307693,0.2564102564102564
"org.jkiss.dbeaver.ext.db2.manager",0,17,1.0,0.04,0.040000000000000036
"org.jkiss.dbeaver.ui.editors.sql.handlers",12,29,0.7073170731707317,0.0,0.29268292682926833
"org.jkiss.dbeaver.model.edit",300,8,0.025974025974025976,1.0,0.025974025974025983
"org.jkiss.dbeaver.model.task",70,9,0.11392405063291139,0.7391304347826086,0.14694551458448002
"org.jkiss.utils",1158,2,0.0017241379310344827,0.19047619047619047,0.8077996715927751
"org.jkiss.dbeaver.ui.preferences",32,40,0.5555555555555556,0.09523809523809523,0.3492063492063492
"org.jkiss.dbeaver.ext.postgresql.edit",8,20,0.7142857142857143,0.047619047619047616,0.23809523809523814
"org.jkiss.dbeaver.model.impl",174,16,0.08421052631578947,0.38095238095238093,0.5348370927318296
"org.jkiss.dbeaver.model.navigator",196,19,0.08837209302325581,0.38095238095238093,0.5306755260243632
"org.jkiss.dbeaver.erd.model",33,14,0.2978723404255319,0.25,0.4521276595744681
"org.jkiss.dbeaver.model.connection",224,13,0.05485232067510549,0.55,0.3951476793248945
"org.jkiss.dbeaver.ext.db2.model.cache",7,11,0.6111111111111112,0.0,0.38888888888888884
"org.jkiss.dbeaver.ext.firebird.model",4,17,0.8095238095238095,0.10526315789473684,0.08521303258145363
"org.jkiss.dbeaver.ext.mysql.tasks",12,22,0.6470588235294118,0.15789473684210525,0.195046439628483
"org.jkiss.dbeaver.ext.vertica.model",5,19,0.7916666666666666,0.0,0.20833333333333337
"org.jkiss.dbeaver.ext.wmi.model",2,16,0.8888888888888888,0.15789473684210525,0.04678362573099415
"org.jkiss.dbeaver.model.app",184,14,0.0707070707070707,1.0,0.07070707070707072
"org.jkiss.dbeaver.ext.greenplum.model",5,13,0.7222222222222222,0.0,0.2777777777777778
"org.jkiss.dbeaver.registry.driver",30,16,0.34782608695652173,0.05555555555555555,0.5966183574879227
"org.jkiss.dbeaver.ui.dashboard.view",2,19,0.9047619047619048,0.05555555555555555,0.03968253968253965
"org.jkiss.dbeaver.ui.data.editors",20,28,0.5833333333333334,0.16666666666666666,0.25
"org.jkiss.dbeaver.ui.editors.sql.syntax",7,28,0.8,0.0,0.19999999999999996
"org.jkiss.dbeaver.ui.editors.sql.templates",4,15,0.7894736842105263,0.1111111111111111,0.09941520467836251
"org.jkiss.dbeaver.tools.transfer.stream",22,20,0.47619047619047616,0.29411764705882354,0.22969187675070035
"org.jkiss.dbeaver.erd.ui.action",2,20,0.9090909090909091,0.0,0.09090909090909094
"org.jkiss.dbeaver.ext.exasol.ui.config",0,13,1.0,0.0,0.0
"org.jkiss.dbeaver.ext.mssql.edit",0,19,1.0,0.11764705882352941,0.11764705882352944
"org.jkiss.dbeaver.ext.oracle.data",1,20,0.9523809523809523,0.058823529411764705,0.011204481792717047
"org.jkiss.dbeaver.model.impl.jdbc.data",15,18,0.5454545454545454,0.17647058823529413,0.27807486631016043
"org.jkiss.dbeaver.model.impl.jdbc",426,21,0.04697986577181208,0.23529411764705882,0.7177260165811291
"org.jkiss.dbeaver.ui.data.managers",14,23,0.6216216216216216,0.23529411764705882,0.14308426073131963
"org.jkiss.dbeaver.ui.gis.panel",2,22,0.9166666666666666,0.0,0.08333333333333337
"org.jkiss.dbeaver.debug",27,7,0.20588235294117646,0.75,0.044117647058823595
"org.jkiss.dbeaver.ext.exasol.manager",0,20,1.0,0.0,0.0
"org.jkiss.dbeaver.ext.oracle.tasks",7,19,0.7307692307692307,0.0,0.2692307692307693
"org.jkiss.dbeaver.ext.postgresql.model.data",3,20,0.8695652173913043,0.0,0.13043478260869568
"org.jkiss.dbeaver.model.impl.data",28,16,0.36363636363636365,0.5,0.13636363636363635
"org.jkiss.dbeaver.model.impl.jdbc.exec",16,15,0.4838709677419355,0.0,0.5161290322580645
"org.jkiss.dbeaver.model.impl.struct",48,11,0.1864406779661017,0.75,0.06355932203389836
"org.jkiss.dbeaver.model.meta",39,0,0.0,0.25,0.75
"org.jkiss.dbeaver.model.virtual",44,16,0.26666666666666666,0.1875,0.5458333333333334
"org.jkiss.dbeaver.erd.ui.command",10,15,0.6,0.06666666666666667,0.33333333333333337
"org.jkiss.dbeaver.erd.ui.editor",27,35,0.5645161290322581,0.06666666666666667,0.36881720430107523
"org.jkiss.dbeaver.ext.hana.model",2,21,0.9130434782608695,0.0,0.08695652173913049
"org.jkiss.dbeaver.runtime",447,12,0.026143790849673203,0.3333333333333333,0.6405228758169934
"org.jkiss.dbeaver.runtime.properties",39,15,0.2777777777777778,0.4,0.3222222222222222
"org.jkiss.dbeaver.ui.dashboard.model",18,10,0.35714285714285715,0.4,0.24285714285714288
"org.jkiss.dbeaver.ui.data",74,13,0.14942528735632185,0.8,0.05057471264367808
"org.jkiss.dbeaver.ui.navigator.database",34,24,0.41379310344827586,0.06666666666666667,0.5195402298850575
"org.jkiss.dbeaver.tools.transfer",32,18,0.36,0.5,0.14
"org.jkiss.dbeaver.ext.oracle.edit",3,17,0.85,0.0,0.15000000000000002
"org.jkiss.dbeaver.ext.sqlite.model",0,19,1.0,0.0,0.0
"org.jkiss.dbeaver.model.impl.data.formatters",12,7,0.3684210526315789,0.0,0.631578947368421
"org.jkiss.dbeaver.model.impl.jdbc.data.handlers",40,16,0.2857142857142857,0.14285714285714285,0.5714285714285714
"org.jkiss.dbeaver.model.qm",30,9,0.23076923076923078,0.5714285714285714,0.19780219780219777
"org.jkiss.dbeaver.model.text.parser",46,2,0.041666666666666664,0.6428571428571429,0.31547619047619047
"org.jkiss.dbeaver.ui.notifications",1,5,0.8333333333333334,0.35714285714285715,0.19047619047619047
"org.jkiss.dbeaver.ui.dialogs.driver",7,20,0.7407407407407407,0.07142857142857142,0.1878306878306879
"org.jkiss.dbeaver.ui.controls.lightgrid",3,9,0.75,0.42857142857142855,0.1785714285714286
"org.jkiss.dbeaver.ui.editors.entity",23,27,0.54,0.21428571428571427,0.24571428571428566
"org.jkiss.wmi.service",9,0,0.0,0.23076923076923078,0.7692307692307692
"org.jkiss.dbeaver.ext.exasol.model.security",7,11,0.6111111111111112,0.07692307692307693,0.31196581196581197
"org.jkiss.dbeaver.ext.postgresql.ui.config",0,21,1.0,0.0,0.0
"org.jkiss.dbeaver.model.access",59,8,0.11940298507462686,0.7692307692307693,0.11136624569460385
"org.jkiss.dbeaver.tasks.ui.view",2,19,0.9047619047619048,0.15384615384615385,0.05860805860805862
"org.jkiss.dbeaver.ui.actions",30,21,0.4117647058823529,0.16666666666666666,0.42156862745098045
"org.jkiss.dbeaver.erd.ui.policy",6,5,0.45454545454545453,0.0,0.5454545454545454
"org.jkiss.dbeaver.ext.db2.tasks",4,10,0.7142857142857143,0.08333333333333333,0.20238095238095233
"org.jkiss.dbeaver.ext.mysql.ui.config",2,19,0.9047619047619048,0.0,0.09523809523809523
"org.jkiss.dbeaver.ext.oracle.ui.config",0,14,1.0,0.0,0.0
"org.jkiss.dbeaver.ext.postgresql.tools",0,24,1.0,0.08333333333333333,0.08333333333333326
"org.jkiss.dbeaver.lang",11,2,0.15384615384615385,0.75,0.09615384615384615
"org.jkiss.dbeaver.model.impl.data.transformers",1,11,0.9166666666666666,0.0,0.08333333333333337
"org.jkiss.dbeaver.model.sql.generator",5,9,0.6428571428571429,0.3333333333333333,0.023809523809523725
"org.jkiss.dbeaver.model.sql.parser.rules",10,7,0.4117647058823529,0.0,0.5882352941176471
"org.jkiss.dbeaver.model.sql.parser.tokens",11,1,0.08333333333333333,0.0,0.9166666666666666
"org.jkiss.dbeaver.model.sql.registry",23,16,0.41025641025641024,0.0,0.5897435897435898
"org.jkiss.dbeaver.ui.controls.resultset.handler",7,33,0.825,0.0,0.17500000000000004
"org.jkiss.dbeaver.ui.editors.binary",6,11,0.6470588235294118,0.08333333333333333,0.26960784313725483
"org.jkiss.dbeaver.ui.navigator",119,27,0.18493150684931506,0.3333333333333333,0.4817351598173516
"org.jkiss.dbeaver.tools.transfer.stream.exporter",2,12,0.8571428571428571,0.09090909090909091,0.051948051948051965
"org.jkiss.dbeaver.debug.ui",11,21,0.65625,0.45454545454545453,0.11079545454545459
"org.jkiss.dbeaver.erd.ui.model",27,19,0.41304347826086957,0.36363636363636365,0.22332015810276684
"org.jkiss.dbeaver.ext.db2.model.plan",1,10,0.9090909090909091,0.09090909090909091,0.0
"org.jkiss.dbeaver.ext.mssql.model.generic",3,16,0.8421052631578947,0.0,0.1578947368421053
"org.jkiss.dbeaver.ext.mysql.edit",0,18,1.0,0.0,0.0
"org.jkiss.dbeaver.ext.postgresql.model.impls.redshift",2,16,0.8888888888888888,0.0,0.11111111111111116
"org.jkiss.dbeaver.model.data.aggregate",2,1,0.3333333333333333,0.18181818181818182,0.48484848484848486
"org.jkiss.dbeaver.model.exec.plan",46,3,0.061224489795918366,0.7272727272727273,0.21150278293135438
"org.jkiss.dbeaver.model.net.ssh",6,13,0.6842105263157895,0.2727272727272727,0.0430622009569378
"org.jkiss.dbeaver.ui.app.standalone",4,29,0.8787878787878788,0.09090909090909091,0.030303030303030276
"org.jkiss.dbeaver.ui.editors.object.struct",48,19,0.2835820895522388,0.18181818181818182,0.5345997286295794
"org.jkiss.dbeaver.core",57,35,0.3804347826086957,0.2,0.41956521739130426
"org.jkiss.dbeaver.tools.transfer.database",19,27,0.5869565217391305,0.1,0.31304347826086953
"org.jkiss.dbeaver.debug.ui.internal",5,11,0.6875,0.0,0.3125
"org.jkiss.dbeaver.ext.mysql.tools",0,23,1.0,0.1,0.10000000000000009
"org.jkiss.dbeaver.ext.postgresql.ui",5,21,0.8076923076923077,0.0,0.1923076923076923
"org.jkiss.dbeaver.model.impl.edit",157,10,0.059880239520958084,0.4,0.5401197604790419
"org.jkiss.dbeaver.model.impl.jdbc.cache",102,10,0.08928571428571429,0.8,0.11071428571428565
"org.jkiss.dbeaver.registry.task",26,14,0.35,0.0,0.65
"org.jkiss.dbeaver.tasks.ui.wizard",39,19,0.3275862068965517,0.1,0.5724137931034483
"org.jkiss.dbeaver.ui.editors.text",19,10,0.3448275862068966,0.3,0.3551724137931034
"org.jkiss.dbeaver.ui.data.managers.stream",1,13,0.9285714285714286,0.0,0.0714285714285714
"org.jkiss.dbeaver.ui.editors.xml",2,4,0.6666666666666666,0.0,0.33333333333333337
"org.jkiss.dbeaver.tools.project",1,17,0.9444444444444444,0.0,0.05555555555555558
"org.jkiss.dbeaver.erd.ui.editor.tools",3,8,0.7272727272727273,0.0,0.2727272727272727
"org.jkiss.dbeaver.erd.ui.part",44,19,0.30158730158730157,0.4444444444444444,0.25396825396825395
"org.jkiss.dbeaver.ext.oracle.ui.editors",0,21,1.0,0.1111111111111111,0.11111111111111116
"org.jkiss.dbeaver.ext.postgresql.model.impls",12,11,0.4782608695652174,0.1111111111111111,0.41062801932367154
"org.jkiss.dbeaver.ext.postgresql",70,30,0.3,0.0,0.7
"org.jkiss.dbeaver.ext.postgresql.debug.internal.impl",2,13,0.8666666666666667,0.0,0.1333333333333333
"org.jkiss.dbeaver.ext.ui.locks.graph",1,3,0.75,0.0,0.25
"org.jkiss.dbeaver.model.auth",23,5,0.17857142857142858,0.7777777777777778,0.04365079365079361
"org.jkiss.dbeaver.model.impl.jdbc.struct",63,18,0.2222222222222222,0.8888888888888888,0.11111111111111116
"org.jkiss.dbeaver.model.impl.sql",36,11,0.23404255319148937,0.3333333333333333,0.4326241134751774
"org.jkiss.dbeaver.model.sql.parser",29,16,0.35555555555555557,0.0,0.6444444444444444
"org.jkiss.dbeaver.utils",425,12,0.02745995423340961,0.1111111111111111,0.8614289346554793
"org.jkiss.dbeaver.registry.maven",4,10,0.7142857142857143,0.1111111111111111,0.17460317460317465
"org.jkiss.dbeaver.ui.controls.folders",10,9,0.47368421052631576,0.4444444444444444,0.08187134502923987
"org.jkiss.dbeaver.ui.editors.text.handlers",0,7,1.0,0.2222222222222222,0.22222222222222232
"org.jkiss.dbeaver.ui.controls.resultset.virtual",1,15,0.9375,0.0,0.0625
"org.jkiss.dbeaver.ui.editors.sql.dialogs",8,25,0.7575757575757576,0.6666666666666666,0.4242424242424243
"org.jkiss.dbeaver.model.gis",21,7,0.25,0.375,0.375
"org.jkiss.dbeaver.debug.core.model",2,6,0.75,0.125,0.125
"org.jkiss.dbeaver.erd.ui.figures",7,10,0.5882352941176471,0.0,0.4117647058823529
"org.jkiss.dbeaver.ext.db2.model.fed",9,14,0.6086956521739131,0.0,0.3913043478260869
"org.jkiss.dbeaver.ext.hive.model",3,16,0.8421052631578947,0.0,0.1578947368421053
"org.jkiss.dbeaver.ext.mssql.ui.config",0,12,1.0,0.0,0.0
"org.jkiss.dbeaver.ext.mysql.model.plan",1,12,0.9230769230769231,0.25,0.17307692307692313
"org.jkiss.dbeaver.ext.postgresql.model.data.type",4,5,0.5555555555555556,0.125,0.3194444444444444
"org.jkiss.dbeaver.model.edit.prop",11,6,0.35294117647058826,0.875,0.2279411764705883
"org.jkiss.dbeaver.model.exec.jdbc",398,3,0.007481296758104738,1.0,0.007481296758104827
"org.jkiss.dbeaver.model.net",40,9,0.1836734693877551,0.625,0.19132653061224492
"org.jkiss.dbeaver.runtime.jobs",14,12,0.46153846153846156,0.125,0.41346153846153844
"org.jkiss.dbeaver.tasks.ui.nativetool",20,22,0.5238095238095238,0.75,0.2738095238095237
"org.jkiss.dbeaver.ui.dashboard.model.data",5,0,0.0,0.0,1.0
"org.jkiss.dbeaver.ui.editors.sql.preferences",2,22,0.9166666666666666,0.0,0.08333333333333337
"org.jkiss.utils.csv",3,0,0.0,0.0,1.0
"org.jkiss.dbeaver.tools.compare.simple",3,11,0.7857142857142857,0.0,0.2142857142857143
"org.jkiss.dbeaver.tools.transfer.ui.pages.database",0,28,1.0,0.14285714285714285,0.1428571428571428
"org.jkiss.dbeaver.erd.ui.navigator",0,21,1.0,0.0,0.0
"org.jkiss.dbeaver.ext.clickhouse.model",1,13,0.9285714285714286,0.0,0.0714285714285714
"org.jkiss.dbeaver.ext.db2.editors",11,11,0.5,0.2857142857142857,0.2142857142857143
"org.jkiss.dbeaver.ext.db2.ui.tools.maintenance",0,15,1.0,0.14285714285714285,0.1428571428571428
"org.jkiss.dbeaver.ext.exasol",17,11,0.39285714285714285,0.0,0.6071428571428572
"org.jkiss.dbeaver.ext.exasol.model.cache",3,11,0.7857142857142857,0.0,0.2142857142857143
"org.jkiss.dbeaver.ext.firebird.model.plan",1,7,0.875,0.0,0.125
"org.jkiss.dbeaver.ext.generic.edit",19,20,0.5128205128205128,0.0,0.4871794871794872
"org.jkiss.dbeaver.ext.mysql.ui.editors",0,23,1.0,0.14285714285714285,0.1428571428571428
"org.jkiss.dbeaver.ext.oceanbase.mysql.model",3,21,0.875,0.0,0.125
"org.jkiss.dbeaver.ext.oracle.ui.tools.maintenance",0,8,1.0,0.14285714285714285,0.1428571428571428
"org.jkiss.dbeaver.ext.postgresql.tools.maintenance",0,8,1.0,0.14285714285714285,0.1428571428571428
"org.jkiss.dbeaver.headless",0,16,1.0,0.0,0.0
"org.jkiss.dbeaver.lang.base",2,2,0.5,0.0,0.5
"org.jkiss.dbeaver.model.admin.sessions",24,3,0.1111111111111111,1.0,0.11111111111111116
"org.jkiss.dbeaver.model.navigator.meta",30,10,0.25,0.14285714285714285,0.6071428571428572
"org.jkiss.dbeaver.model.preferences",245,1,0.0040650406504065045,1.0,0.004065040650406582
"org.jkiss.dbeaver.model.struct.cache",141,5,0.03424657534246575,0.7142857142857143,0.2514677103718199
"org.jkiss.dbeaver.model.sql.format.tokenized",2,8,0.8,0.0,0.19999999999999996
"org.jkiss.dbeaver.model.sql.task",38,15,0.2830188679245283,0.7142857142857143,0.0026954177897573484
"org.jkiss.dbeaver.tasks.nativetool",17,16,0.48484848484848486,0.8571428571428571,0.34199134199134207
"org.jkiss.dbeaver.tasks.ui",12,22,0.6470588235294118,0.2857142857142857,0.0672268907563025
"org.jkiss.dbeaver.team.git.ui.handlers",0,11,1.0,0.14285714285714285,0.1428571428571428
"org.jkiss.dbeaver.ui.editors.sql.indent",1,7,0.875,0.2857142857142857,0.1607142857142856
"org.jkiss.dbeaver.ui.navigator.dialogs",15,22,0.5945945945945946,0.0,0.4054054054054054
"org.jkiss.dbeaver.ui.search.data",0,17,1.0,0.0,0.0
"org.jkiss.utils.xml",41,1,0.023809523809523808,0.16666666666666666,0.8095238095238095
"org.jkiss.dbeaver.tools.scripts",0,14,1.0,0.0,0.0
"org.jkiss.dbeaver.tools.transfer.stream.model",1,18,0.9473684210526315,0.0,0.052631578947368474
"org.jkiss.dbeaver.ext.db2.ui.config",0,17,1.0,0.0,0.0
"org.jkiss.dbeaver.ext.exasol.editors",6,10,0.625,0.3333333333333333,0.04166666666666674
"org.jkiss.dbeaver.ext.greenplum.edit",0,11,1.0,0.0,0.0
"org.jkiss.dbeaver.ext.hana.model.data.wkb",1,0,0.0,0.0,1.0
"org.jkiss.dbeaver.ext.mssql",35,16,0.3137254901960784,0.0,0.6862745098039216
"org.jkiss.dbeaver.ext.mssql.tasks",0,8,1.0,0.16666666666666666,0.16666666666666674
"org.jkiss.dbeaver.ext.postgresql.model.plan",3,13,0.8125,0.16666666666666666,0.02083333333333337
"org.jkiss.dbeaver.model.impl.app",9,6,0.4,0.0,0.6
"org.jkiss.dbeaver.model.impl.net",16,11,0.4074074074074074,0.0,0.5925925925925926
"org.jkiss.dbeaver.model.impl.sql.edit.struct",49,17,0.25757575757575757,1.0,0.25757575757575757
"org.jkiss.dbeaver.model.qm.meta",4,6,0.6,0.16666666666666666,0.2333333333333334
"org.jkiss.dbeaver.model.text.parser.rules",5,2,0.2857142857142857,0.0,0.7142857142857143
"org.jkiss.dbeaver.registry.maven.versioning",1,0,0.0,0.3333333333333333,0.6666666666666667
"org.jkiss.dbeaver.ui.contentassist",15,5,0.25,0.0,0.75
"org.jkiss.dbeaver.ui.internal",94,5,0.050505050505050504,0.0,0.9494949494949495
"org.jkiss.dbeaver.ui.dashboard.control",7,16,0.6956521739130435,0.3333333333333333,0.02898550724637672
"org.jkiss.dbeaver.ui.controls.resultset.colors",1,14,0.9333333333333333,0.16666666666666666,0.10000000000000009
"org.jkiss.dbeaver.ui.controls.resultset.generator",0,10,1.0,0.16666666666666666,0.16666666666666674
"org.jkiss.dbeaver.ui.editors.content",6,16,0.7272727272727273,0.16666666666666666,0.10606060606060608
"org.jkiss.dbeaver.ui.editors.data.preferences",2,21,0.9130434782608695,0.0,0.08695652173913049
"org.jkiss.dbeaver.ui.controls.imageview",2,3,0.6,0.0,0.4
"org.jkiss.dbeaver.ui.editors.sql.convert.impl",0,6,1.0,0.16666666666666666,0.16666666666666674
"org.jkiss.dbeaver.ui.editors.entity.handlers",1,10,0.9090909090909091,0.0,0.09090909090909094
"org.jkiss.dbeaver.ui.editors.entity.properties",3,25,0.8928571428571429,0.0,0.1071428571428571
"org.jkiss.dbeaver.ui.navigator.actions.links",0,3,1.0,0.3333333333333333,0.33333333333333326
"org.jkiss.dbeaver.ui.search.metadata",0,16,1.0,0.0,0.0
"org.jkiss.dbeaver.tools.compare.simple.ui",0,10,1.0,0.0,0.0
"org.jkiss.dbeaver.ui.resources.bookmarks",2,14,0.875,0.0,0.125
"org.jkiss.dbeaver.ui.gis",13,10,0.43478260869565216,0.4,0.16521739130434776
"org.jkiss.dbeaver.tasks.ui.sql.script",0,20,1.0,0.0,0.0
"org.jkiss.dbeaver.tools.transfer.ui.wizard",12,30,0.7142857142857143,0.0,0.2857142857142857
"org.jkiss.dbeaver.debug.sourcelookup",0,9,1.0,0.0,0.0
"org.jkiss.dbeaver.debug.ui.details",0,6,1.0,0.4,0.3999999999999999
"org.jkiss.dbeaver.erd.ui",28,14,0.3333333333333333,0.0,0.6666666666666667
"org.jkiss.dbeaver.erd.ui.layout.algorithm.direct",1,4,0.8,0.0,0.19999999999999996
"org.jkiss.dbeaver.ext.athena.model",1,11,0.9166666666666666,0.0,0.08333333333333337
"org.jkiss.dbeaver.ext.db2",56,20,0.2631578947368421,0.0,0.736842105263158
"org.jkiss.dbeaver.ext.exasol.ui.tools",0,16,1.0,0.2,0.19999999999999996
"org.jkiss.dbeaver.ext.format.sqlworkbenchj",0,9,1.0,0.0,0.0
"org.jkiss.dbeaver.ext.generic.model.meta",52,15,0.22388059701492538,0.2,0.5761194029850746
"org.jkiss.dbeaver.ext.hsqldb.model",0,10,1.0,0.0,0.0
"org.jkiss.dbeaver.ext.import_config.wizards",10,16,0.6153846153846154,0.4,0.01538461538461533
"org.jkiss.dbeaver.ext.import_config.wizards.navicat",0,11,1.0,0.0,0.0
"org.jkiss.dbeaver.ext.mysql.tools.maintenance",0,6,1.0,0.0,0.0
"org.jkiss.dbeaver.ext.oracle.ui.actions",0,22,1.0,0.2,0.19999999999999996
"org.jkiss.dbeaver.ext.postgresql.tools.fdw",0,28,1.0,0.0,0.0
"org.jkiss.dbeaver.ext.snowflake.model",1,16,0.9411764705882353,0.0,0.05882352941176472
"org.jkiss.dbeaver.ext.vertica.edit",0,16,1.0,0.0,0.0
"org.jkiss.dbeaver.model.data.storage",11,6,0.35294117647058826,0.0,0.6470588235294117
"org.jkiss.dbeaver.model.impl.local",7,6,0.46153846153846156,0.0,0.5384615384615384
"org.jkiss.dbeaver.model.runtime.load",34,6,0.15,1.0,0.1499999999999999
"org.jkiss.dbeaver.runtime.encode",8,1,0.1111111111111111,0.2,0.6888888888888889
"org.jkiss.dbeaver.runtime.qm",5,9,0.6428571428571429,0.2,0.15714285714285703
"org.jkiss.dbeaver.model.sql.completion",9,16,0.64,0.2,0.15999999999999992
"org.jkiss.dbeaver.tasks.ui.sql",0,27,1.0,0.0,0.0
"org.jkiss.dbeaver.ui.controls.bool",5,5,0.5,0.2,0.30000000000000004
"org.jkiss.dbeaver.ui.css",12,2,0.14285714285714285,0.0,0.8571428571428572
"org.jkiss.dbeaver.ui.controls.resultset.panel.grouping",0,22,1.0,0.2,0.19999999999999996
"org.jkiss.dbeaver.ui.controls.resultset.spreadsheet",4,25,0.8620689655172413,0.0,0.13793103448275867
"org.jkiss.dbeaver.ui.data.dialogs",13,22,0.6285714285714286,0.4,0.02857142857142847
"org.jkiss.dbeaver.ui.editors.json",2,4,0.6666666666666666,0.0,0.33333333333333337
"org.jkiss.dbeaver.ui.editors.sql.registry",2,6,0.75,0.0,0.25
"org.jkiss.dbeaver.ui.editors.sql.util",3,4,0.5714285714285714,0.2,0.22857142857142865
"org.jkiss.dbeaver.ui.navigator.database.load",8,8,0.5,0.2,0.30000000000000004
"org.jkiss.dbeaver.ext.test.tools",0,0,0.0,0.0,1.0
"org.jkiss.dbeaver.model.sql.analyzer.builder",0,3,1.0,0.2,0.19999999999999996
"org.jkiss.dbeaver",1644,11,0.006646525679758308,0.25,0.7433534743202417
"org.jkiss.dbeaver.ui.actions.common",0,16,1.0,0.0,0.0
"org.jkiss.dbeaver.ui.controls.txn",4,17,0.8095238095238095,0.25,0.059523809523809534
"org.jkiss.dbeaver.data.gis.handlers",4,12,0.75,0.0,0.25
"org.jkiss.dbeaver.tools.transfer.registry",19,9,0.32142857142857145,0.0,0.6785714285714286
"org.jkiss.dbeaver.tools.transfer.ui.registry",1,3,0.75,0.0,0.25
"org.jkiss.dbeaver.debug.core.breakpoints",3,4,0.5714285714285714,0.5,0.0714285714285714
"org.jkiss.dbeaver.debug.ui.actions",0,10,1.0,0.0,0.0
"org.jkiss.dbeaver.erd.ui.directedit",3,1,0.25,0.25,0.5
"org.jkiss.dbeaver.erd.ui.dnd",1,10,0.9090909090909091,0.0,0.09090909090909094
"org.jkiss.dbeaver.erd.ui.export",2,11,0.8461538461538461,0.25,0.09615384615384626
"org.jkiss.dbeaver.erd.ui.layout",2,4,0.6666666666666666,0.0,0.33333333333333337
"org.jkiss.dbeaver.ext.bigquery.model",2,10,0.8333333333333334,0.0,0.16666666666666663
"org.jkiss.dbeaver.ext.db2.data",0,9,1.0,0.0,0.0
"org.jkiss.dbeaver.ext.exasol.model.dict",0,0,0.0,0.0,1.0
"org.jkiss.dbeaver.ext.generic.views",0,18,1.0,0.0,0.0
"org.jkiss.dbeaver.ext.h2.model",2,10,0.8333333333333334,0.0,0.16666666666666663
"org.jkiss.dbeaver.ext.import_config.wizards.custom",0,12,1.0,0.0,0.0
"org.jkiss.dbeaver.ext.mssql.edit.generic",0,12,1.0,0.0,0.0
"org.jkiss.dbeaver.ext.mssql.ui",3,8,0.7272727272727273,0.0,0.2727272727272727
"org.jkiss.dbeaver.ext.mssql.ui.tools.maintenance",0,5,1.0,0.0,0.0
"org.jkiss.dbeaver.ext.mysql.data",0,10,1.0,0.0,0.0
"org.jkiss.dbeaver.ext.mysql",39,12,0.23529411764705882,0.0,0.7647058823529411
"org.jkiss.dbeaver.ext.ocient.model.plan",1,9,0.9,0.25,0.1499999999999999
"org.jkiss.dbeaver.ext.oracle.model.dict",0,0,0.0,0.0,1.0
"org.jkiss.dbeaver.ext.oracle.model.session",2,8,0.8,0.0,0.19999999999999996
"org.jkiss.dbeaver.ext.oracle.ui.tools",0,16,1.0,0.0,0.0
"org.jkiss.dbeaver.ext.postgresql.debug.internal",0,9,1.0,0.0,0.0
"org.jkiss.dbeaver.ext.postgresql.debug.ui.internal",0,16,1.0,0.0,0.0
"org.jkiss.dbeaver.ext.postgresql.ui.editors",1,28,0.9655172413793104,0.0,0.03448275862068961
"org.jkiss.dbeaver.ext.spanner.model",2,9,0.8181818181818182,0.0,0.18181818181818177
"org.jkiss.dbeaver.ext.teradata.model",0,13,1.0,0.0,0.0
"org.jkiss.dbeaver.ext.ui.svg",0,7,1.0,0.0,0.0
"org.jkiss.dbeaver.ext.ui.tipoftheday",0,7,1.0,0.0,0.0
"org.jkiss.dbeaver.lang.parser",2,3,0.6,0.0,0.4
"org.jkiss.dbeaver.model.data.document",0,0,0.0,1.0,0.0
"org.jkiss.dbeaver.model.exec.compile",5,1,0.16666666666666666,0.5,0.33333333333333337
"org.jkiss.dbeaver.model.impl.admin.locks",8,1,0.1111111111111111,0.25,0.6388888888888888
"org.jkiss.dbeaver.model.impl.plan",24,3,0.1111111111111111,0.75,0.13888888888888884
"org.jkiss.dbeaver.model.runtime.features",6,4,0.4,0.0,0.6
"org.jkiss.dbeaver.runtime.ui",36,11,0.23404255319148937,1.0,0.23404255319148937
"org.jkiss.dbeaver.model.sql.commands",0,6,1.0,0.0,0.0
"org.jkiss.dbeaver.model.sql.format",23,6,0.20689655172413793,0.5,0.2931034482758621
"org.jkiss.dbeaver.registry.datatype",1,9,0.9,0.25,0.1499999999999999
"org.jkiss.dbeaver.ui.controls.autorefresh",3,6,0.6666666666666666,0.0,0.33333333333333337
"org.jkiss.dbeaver.ui.properties",21,15,0.4166666666666667,0.0,0.5833333333333333
"org.jkiss.dbeaver.ui.app.standalone.actions",1,6,0.8571428571428571,0.0,0.1428571428571429
"org.jkiss.dbeaver.ui.dashboard.registry",9,12,0.5714285714285714,0.0,0.4285714285714286
"org.jkiss.dbeaver.ui.editors.acl",0,18,1.0,0.75,0.75
"org.jkiss.dbeaver.ui.dialogs.net",3,6,0.6666666666666666,0.25,0.08333333333333337
"org.jkiss.dbeaver.ui.controls.resultset.view",2,10,0.8333333333333334,0.0,0.16666666666666663
"org.jkiss.dbeaver.ui.editors.data",4,20,0.8333333333333334,0.25,0.08333333333333348
"org.jkiss.dbeaver.ui.navigator.itemlist",13,23,0.6388888888888888,0.75,0.38888888888888884
"org.jkiss.dbeaver.ui.search",8,13,0.6190476190476191,0.75,0.36904761904761907
"org.jkiss.dbeaver.ui.resources",5,10,0.6666666666666666,0.3333333333333333,0.0
"org.jkiss.dbeaver.ui.views.process",2,3,0.6,0.0,0.4
"org.jkiss.dbeaver.ui.views.qm",1,3,0.75,0.0,0.25
"org.jkiss.dbeaver.ui.gis.internal",13,5,0.2777777777777778,0.0,0.7222222222222222
"org.jkiss.dbeaver.ui.gis.registry",5,11,0.6875,0.0,0.3125
"org.jkiss.dbeaver.tools.transfer.task",1,6,0.8571428571428571,0.0,0.1428571428571429
"org.jkiss.dbeaver.tools.transfer.transformers",0,7,1.0,0.0,0.0
"org.jkiss.dbeaver.tools.transfer.ui.handlers",0,13,1.0,0.3333333333333333,0.33333333333333326
"org.jkiss.dbeaver.tools.transfer.ui.pages.stream",0,24,1.0,0.0,0.0
"org.jkiss.dbeaver.ext.datavirtuality.model",1,11,0.9166666666666666,0.0,0.08333333333333337
"org.jkiss.dbeaver.ext.db2.model.module",9,11,0.55,0.0,0.44999999999999996
"org.jkiss.dbeaver.ext.db2.i.model",0,8,1.0,0.0,0.0
"org.jkiss.dbeaver.ext.db2.ui.editors",1,10,0.9090909090909091,0.0,0.09090909090909094
"org.jkiss.dbeaver.ext.db2.zos.model",0,7,1.0,0.0,0.0
"org.jkiss.dbeaver.ext.denodo.model",1,11,0.9166666666666666,0.0,0.08333333333333337
"org.jkiss.dbeaver.ext.exasol.model.lock",1,8,0.8888888888888888,0.0,0.11111111111111116
"org.jkiss.dbeaver.ext.exasol.ui.editors",0,15,1.0,0.0,0.0
"org.jkiss.dbeaver.ext.firebird.edit",0,11,1.0,0.0,0.0
"org.jkiss.dbeaver.ext.hana.model.data",0,8,1.0,0.0,0.0
"org.jkiss.dbeaver.ext.hive.model.edit",0,12,1.0,0.0,0.0
"org.jkiss.dbeaver.ext.mysql.ui.views",1,12,0.9230769230769231,0.0,0.07692307692307687
"org.jkiss.dbeaver.ext.netezza.model",0,10,1.0,0.0,0.0
"org.jkiss.dbeaver.ext.oceanbase.model.plan",1,13,0.9285714285714286,0.0,0.0714285714285714
"org.jkiss.dbeaver.ext.oracle.internal",1,5,0.8333333333333334,0.0,0.16666666666666663
"org.jkiss.dbeaver.ext.oracle.model.auth",1,7,0.875,0.0,0.125
"org.jkiss.dbeaver.ext.oracle.model.lock",1,9,0.9,0.0,0.09999999999999998
"org.jkiss.dbeaver.ext.oracle.model.plan",1,9,0.9,0.0,0.09999999999999998
"org.jkiss.dbeaver.ext.oracle.oci",3,6,0.6666666666666666,0.0,0.33333333333333337
"org.jkiss.dbeaver.ext.oracle.ui.views",0,14,1.0,0.0,0.0
"org.jkiss.dbeaver.ext.phoenix.model",0,10,1.0,0.0,0.0
"org.jkiss.dbeaver.ext.postgresql.model.lock",1,8,0.8888888888888888,0.0,0.11111111111111116
"org.jkiss.dbeaver.ext.sample.database",0,9,1.0,0.0,0.0
"org.jkiss.dbeaver.ext.snowflake",6,8,0.5714285714285714,0.0,0.4285714285714286
"org.jkiss.dbeaver.ext.snowflake.views",0,8,1.0,0.0,0.0
"org.jkiss.dbeaver.ext.sqlite.model.data",0,10,1.0,0.0,0.0
"org.jkiss.dbeaver.ext.vertica",4,8,0.6666666666666666,0.0,0.33333333333333337
"org.jkiss.dbeaver.ext.wmi",2,8,0.8,0.0,0.19999999999999996
"org.jkiss.dbeaver.model.admin.locks",19,3,0.13636363636363635,1.0,0.13636363636363624
"org.jkiss.dbeaver.model.data.json",33,5,0.13157894736842105,0.0,0.868421052631579
"org.jkiss.dbeaver.model.impl.auth",12,8,0.4,0.0,0.6
"org.jkiss.dbeaver.model.impl.preferences",31,2,0.06060606060606061,0.6666666666666666,0.2727272727272727
"org.jkiss.dbeaver.registry.formatter",6,11,0.6470588235294118,0.0,0.3529411764705882
"org.jkiss.dbeaver.runtime.net",3,11,0.7857142857142857,0.0,0.2142857142857143
"org.jkiss.dbeaver.runtime.serialize",5,4,0.4444444444444444,0.3333333333333333,0.22222222222222232
"org.jkiss.dbeaver.model.sql.eval",2,4,0.6666666666666666,0.0,0.33333333333333337
"org.jkiss.dbeaver.model.net.ssh.config",5,1,0.16666666666666666,0.0,0.8333333333333334
"org.jkiss.dbeaver.ui.net.ssh",0,13,1.0,0.0,0.0
"org.jkiss.dbeaver.registry.updater",3,4,0.5714285714285714,0.0,0.4285714285714286
"org.jkiss.dbeaver.tasks.ui.internal",15,0,0.0,0.0,1.0
"org.jkiss.dbeaver.tools.registry",3,7,0.7,0.0,0.30000000000000004
"org.jkiss.dbeaver.ui.dialogs.exec",2,6,0.75,0.0,0.25
"org.jkiss.dbeaver.ui.dnd",9,2,0.18181818181818182,0.3333333333333333,0.48484848484848486
"org.jkiss.dbeaver.ui.app.standalone.about",1,8,0.8888888888888888,0.0,0.11111111111111116
"org.jkiss.dbeaver.ui.app.standalone.internal",7,5,0.4166666666666667,0.0,0.5833333333333333
"org.jkiss.dbeaver.ui.app.standalone.rpc",2,11,0.8461538461538461,0.3333333333333333,0.17948717948717952
"org.jkiss.dbeaver.ui.app.standalone.update",3,11,0.7857142857142857,0.3333333333333333,0.11904761904761907
"org.jkiss.dbeaver.ui.charts",2,4,0.6666666666666666,0.0,0.33333333333333337
"org.jkiss.dbeaver.ui.dashboard.internal",15,6,0.2857142857142857,0.0,0.7142857142857143
"org.jkiss.dbeaver.ui.controls.resultset.panel.references",0,13,1.0,0.0,0.0
"org.jkiss.dbeaver.ui.controls.resultset.panel.valueviewer",1,11,0.9166666666666666,0.0,0.08333333333333337
"org.jkiss.dbeaver.ui.controls.resultset.valuefilter",1,17,0.9444444444444444,0.3333333333333333,0.2777777777777777
"org.jkiss.dbeaver.ui.data.registry",5,11,0.6875,0.0,0.3125
"org.jkiss.dbeaver.ui.editors.data.internal",10,7,0.4117647058823529,0.0,0.5882352941176471
"org.jkiss.dbeaver.ui.data.managers.image",0,9,1.0,0.0,0.0
"org.jkiss.dbeaver.ui.views.session",6,23,0.7931034482758621,0.3333333333333333,0.12643678160919536
"org.jkiss.dbeaver.ui.editors.sql.generator",2,16,0.8888888888888888,0.0,0.11111111111111116
"org.jkiss.dbeaver.ui.editors.sql.internal",30,6,0.16666666666666666,0.0,0.8333333333333334
"org.jkiss.dbeaver.ui.editors.sql.plan.simple",0,12,1.0,0.0,0.0
"org.jkiss.dbeaver.ui.editors.sql.preferences.format",4,9,0.6923076923076923,0.6666666666666666,0.35897435897435903
"org.jkiss.dbeaver.ui.editors.sql.variables",1,13,0.9285714285714286,0.0,0.0714285714285714
"org.jkiss.dbeaver.ui.navigator.actions.node",0,9,1.0,0.0,0.0
"org.jkiss.dbeaver.ui.navigator.project",6,11,0.6470588235294118,0.3333333333333333,0.019607843137254832
"org.jkiss.dbeaver.ui.project",4,10,0.7142857142857143,0.0,0.2857142857142857
"org.jkiss.dbeaver.ext.test.handlers",0,6,1.0,0.0,0.0
"org.jkiss.code",0,0,0.0,0.0,1.0
"org.jkiss.utils.io",2,0,0.0,0.0,1.0
"org.jkiss.dbeaver.ui.e4",0,5,1.0,0.0,0.0
"org.jkiss.dbeaver.ui.views",1,2,0.6666666666666666,0.0,0.33333333333333337
"org.jkiss.dbeaver.data.office.export",1,10,0.9090909090909091,0.0,0.09090909090909094
"org.jkiss.dbeaver.tools.sql",3,8,0.7272727272727273,0.0,0.2727272727272727
"org.jkiss.dbeaver.tools.sql.task",0,12,1.0,0.0,0.0
"org.jkiss.dbeaver.tools.transfer.stream.importer",1,13,0.9285714285714286,0.5,0.4285714285714286
"org.jkiss.dbeaver.tools.transfer.ui.internal",18,0,0.0,0.0,1.0
"org.jkiss.dbeaver.debug.core",13,10,0.43478260869565216,0.0,0.5652173913043479
"org.jkiss.dbeaver.debug.jdbc",2,6,0.75,0.5,0.25
"org.jkiss.dbeaver.erd.ui.internal",21,2,0.08695652173913043,0.0,0.9130434782608696
"org.jkiss.dbeaver.ext.clickhouse.edit",0,7,1.0,0.0,0.0
"org.jkiss.dbeaver.ext.datavirtuality",1,8,0.8888888888888888,0.0,0.11111111111111116
"org.jkiss.dbeaver.ext.datavirtuality.views",0,7,1.0,0.0,0.0
"org.jkiss.dbeaver.ext.db2.info",2,4,0.6666666666666666,0.0,0.33333333333333337
"org.jkiss.dbeaver.ext.db2.model.app",3,8,0.7272727272727273,0.0,0.2727272727272727
"org.jkiss.dbeaver.ext.db2.ui.tools",0,8,1.0,0.0,0.0
"org.jkiss.dbeaver.ext.db2.ui.views",0,8,1.0,0.0,0.0
"org.jkiss.dbeaver.ext.denodo",1,7,0.875,0.0,0.125
"org.jkiss.dbeaver.ext.denodo.views",0,7,1.0,0.0,0.0
"org.jkiss.dbeaver.ext.derby.model",0,9,1.0,0.0,0.0
"org.jkiss.dbeaver.ext.exasol.model.app",2,7,0.7777777777777778,0.0,0.2222222222222222
"org.jkiss.dbeaver.ext.exasol.model.plan",1,7,0.875,0.0,0.125
"org.jkiss.dbeaver.ext.exasol.tools",26,9,0.2571428571428571,0.0,0.7428571428571429
"org.jkiss.dbeaver.ext.exasol.ui",3,1,0.25,0.0,0.75
"org.jkiss.dbeaver.ext.firebird",4,10,0.7142857142857143,0.0,0.2857142857142857
"org.jkiss.dbeaver.ext.generic.data",0,5,1.0,0.0,0.0
"org.jkiss.dbeaver.ext.generic",33,10,0.23255813953488372,0.0,0.7674418604651163
"org.jkiss.dbeaver.ext.h2gis.data",0,6,1.0,0.0,0.0
"org.jkiss.dbeaver.ext.hana.edit",0,5,1.0,0.0,0.0
"org.jkiss.dbeaver.ext.hana.model.plan",1,7,0.875,0.0,0.125
"org.jkiss.dbeaver.ext.hana.ui.internal",1,0,0.0,0.0,1.0
"org.jkiss.dbeaver.ext.hive.model.jdbc",1,3,0.75,0.0,0.25
"org.jkiss.dbeaver.ext.import_config",4,0,0.0,0.0,1.0
"org.jkiss.dbeaver.ext.import_config.wizards.dbvis",0,6,1.0,0.0,0.0
"org.jkiss.dbeaver.ext.import_config.wizards.squirrel",0,6,1.0,0.0,0.0
"org.jkiss.dbeaver.ext.informix.model",0,10,1.0,0.0,0.0
"org.jkiss.dbeaver.ext.mssql.internal",0,4,1.0,0.0,0.0
"org.jkiss.dbeaver.ext.mssql.model.data",0,6,1.0,0.0,0.0
"org.jkiss.dbeaver.ext.mssql.model.session",2,9,0.8181818181818182,0.0,0.18181818181818177
"org.jkiss.dbeaver.ext.mssql.ui.editors",0,10,1.0,0.0,0.0
"org.jkiss.dbeaver.ext.mysql.model.session",2,8,0.8,0.0,0.19999999999999996
"org.jkiss.dbeaver.ext.mysql.sql",0,5,1.0,0.0,0.0
"org.jkiss.dbeaver.ext.mysql.ui.controls",2,4,0.6666666666666666,0.0,0.33333333333333337
"org.jkiss.dbeaver.ext.oceanbase.ui.internal",1,0,0.0,0.0,1.0
"org.jkiss.dbeaver.ext.ocient.model",1,7,0.875,0.0,0.125
"org.jkiss.dbeaver.ext.oracle.model.source",19,6,0.24,1.0,0.24
"org.jkiss.dbeaver.ext.oracle.sql",0,3,1.0,0.0,0.0
"org.jkiss.dbeaver.ext.oracle.ui.internal",12,0,0.0,0.0,1.0
"org.jkiss.dbeaver.ext.oracle.ui.tools.sqldeveloper",0,7,1.0,0.0,0.0
"org.jkiss.dbeaver.ext.phoenix.model.data",0,7,1.0,0.0,0.0
"org.jkiss.dbeaver.ext.postgresql.model.fdw",2,5,0.7142857142857143,0.0,0.2857142857142857
"org.jkiss.dbeaver.ext.postgresql.model.generic",1,15,0.9375,0.0,0.0625
"org.jkiss.dbeaver.ext.postgresql.model.impls.yellowbrick",0,7,1.0,0.0,0.0
"org.jkiss.dbeaver.ext.postgresql.model.jdbc",2,3,0.6,0.0,0.4
"org.jkiss.dbeaver.ext.postgresql.model.session",2,8,0.8,0.0,0.19999999999999996
"org.jkiss.dbeaver.ext.snowflake.internal",0,4,1.0,0.0,0.0
"org.jkiss.dbeaver.ext.sqlite.edit",0,10,1.0,0.0,0.0
"org.jkiss.dbeaver.ext.ui.locks.table",1,6,0.8571428571428571,0.0,0.1428571428571429
"org.jkiss.dbeaver.lang.sql.model",1,1,0.5,0.5,0.0
"org.jkiss.dbeaver.lang.sql",1,3,0.75,0.0,0.25
"org.jkiss.dbeaver.model.impl.sql.edit",56,12,0.17647058823529413,1.0,0.17647058823529416
"org.jkiss.dbeaver.model.navigator.registry",2,4,0.6666666666666666,0.0,0.33333333333333337
"org.jkiss.dbeaver.registry.expressions",1,1,0.5,0.0,0.5
"org.jkiss.dbeaver.model.sql.internal",1,6,0.8571428571428571,0.0,0.1428571428571429
"org.jkiss.dbeaver.model.net.ssh.registry",3,5,0.625,0.0,0.375
"org.jkiss.dbeaver.ui.net.ssh.jsch",0,4,1.0,0.0,0.0
"org.jkiss.dbeaver.registry.language",2,4,0.6666666666666666,0.0,0.33333333333333337
"org.jkiss.dbeaver.registry.network",6,8,0.5714285714285714,0.0,0.4285714285714286
"org.slf4j.impl",0,1,1.0,0.0,0.0
"org.jkiss.dbeaver.tasks.ui.registry",6,8,0.5714285714285714,0.0,0.4285714285714286
"org.jkiss.dbeaver.ui.controls.finder",1,5,0.8333333333333334,0.0,0.16666666666666663
"org.jkiss.dbeaver.ui.help",0,4,1.0,0.0,0.0
"org.jkiss.dbeaver.ui.charts.internal",1,2,0.6666666666666666,0.0,0.33333333333333337
"org.jkiss.dbeaver.registry.configurator",4,4,0.5,0.0,0.5
"org.jkiss.dbeaver.registry.functions",1,5,0.8333333333333334,0.0,0.16666666666666663
"org.jkiss.dbeaver.ui.controls.resultset.panel",5,6,0.5454545454545454,0.0,0.4545454545454546
"org.jkiss.dbeaver.ui.editors.binary.dialogs",1,3,0.75,0.0,0.25
"org.jkiss.dbeaver.ui.editors.binary.internal",5,2,0.2857142857142857,0.0,0.7142857142857143
"org.jkiss.dbeaver.ui.editors.binary.pref",3,8,0.7272727272727273,0.0,0.2727272727272727
"org.jkiss.dbeaver.ui.controls.querylog",5,18,0.782608695652174,0.5,0.28260869565217384
"org.jkiss.dbeaver.ui.editors.sql.commands",0,12,1.0,0.0,0.0
"org.jkiss.dbeaver.ui.editors.sql.convert",3,15,0.8333333333333334,0.5,0.3333333333333335
"org.jkiss.dbeaver.ui.editors.sql.log",1,4,0.8,0.0,0.19999999999999996
"org.jkiss.dbeaver.ui.editors.sql.plan.registry",1,5,0.8333333333333334,0.0,0.16666666666666663
"org.jkiss.dbeaver.ui.internal.registry",1,5,0.8333333333333334,0.0,0.16666666666666663
"org.jkiss.dbeaver.model.sql.analyzer.builder.request",1,13,0.9285714285714286,0.5,0.4285714285714286
"org.jkiss.utils.time",4,0,0.0,0.0,1.0
"org.jkiss.wmi.test",0,0,0.0,0.0,1.0
"org.jkiss.dbeaver.tools.compare.simple.ui.internal",3,0,0.0,0.0,1.0
"org.jkiss.dbeaver.ui.perspective",3,5,0.625,0.0,0.375
"org.jkiss.dbeaver.ui.resources.shortcuts",0,6,1.0,0.0,0.0
"org.jkiss.dbeaver.data.console",0,8,1.0,0.0,0.0
"org.jkiss.dbeaver.ui.gis.presentation",0,8,1.0,0.0,0.0
"org.jkiss.dbeaver.data.office.ui.handlers",0,12,1.0,0.0,0.0
"org.jkiss.dbeaver.data.office.ui",0,0,0.0,0.0,1.0
"org.jkiss.dbeaver.tools.transfer.internal",26,0,0.0,0.0,1.0
"org.jkiss.dbeaver.debug.internal.core",4,0,0.0,0.0,1.0
"org.jkiss.dbeaver.debug.internal",0,0,0.0,0.0,1.0
"org.jkiss.dbeaver.erd.model.internal",0,0,0.0,0.0,1.0
"org.jkiss.dbeaver.ext.athena",0,8,1.0,0.0,0.0
"org.jkiss.dbeaver.ext.athena.ui",1,0,0.0,0.0,1.0
"org.jkiss.dbeaver.ext.athena.ui.internal",1,0,0.0,0.0,1.0
"org.jkiss.dbeaver.ext.athena.ui.views",0,7,1.0,0.0,0.0
"org.jkiss.dbeaver.ext.bigquery",0,8,1.0,0.0,0.0
"org.jkiss.dbeaver.ext.bigquery.ui",1,0,0.0,0.0,1.0
"org.jkiss.dbeaver.ext.bigquery.ui.internal",1,0,0.0,0.0,1.0
"org.jkiss.dbeaver.ext.bigquery.ui.views",0,10,1.0,0.0,0.0
"org.jkiss.dbeaver.ext.clickhouse",0,1,1.0,0.0,0.0
"org.jkiss.dbeaver.ext.db2.i",0,1,1.0,0.0,0.0
"org.jkiss.dbeaver.ext.db2.ui",0,0,0.0,0.0,1.0
"org.jkiss.dbeaver.ext.db2.ui.internal",11,0,0.0,0.0,1.0
"org.jkiss.dbeaver.ext.db2.zos",0,1,1.0,0.0,0.0
"org.jkiss.dbeaver.ext.elasticsearch",0,3,1.0,0.0,0.0
"org.jkiss.dbeaver.ext.exasol.sql",1,3,0.75,0.0,0.25
"org.jkiss.dbeaver.ext.exasol.ui.internal",9,0,0.0,0.0,1.0
"org.jkiss.dbeaver.ext.exasol.ui.views",0,7,1.0,0.0,0.0
"org.jkiss.dbeaver.ext.generic.editors",0,4,1.0,0.0,0.0
"org.jkiss.dbeaver.ext.generic.internal",1,0,0.0,0.0,1.0
"org.jkiss.dbeaver.ext.greenplum",0,5,1.0,0.0,0.0
"org.jkiss.dbeaver.ext.h2.edit",0,10,1.0,0.0,0.0
"org.jkiss.dbeaver.ext.h2gis",0,6,1.0,0.0,0.0
"org.jkiss.dbeaver.ext.h2gis.model",1,6,0.8571428571428571,0.0,0.1428571428571429
"org.jkiss.dbeaver.ext.hana",0,1,1.0,0.0,0.0
"org.jkiss.dbeaver.ext.hana.ui.views",0,6,1.0,0.0,0.0
"org.jkiss.dbeaver.ext.informix",1,5,0.8333333333333334,0.0,0.16666666666666663
"org.jkiss.dbeaver.ext.kognitio",0,1,1.0,0.0,0.0
"org.jkiss.dbeaver.ext.kognitio.model",0,6,1.0,0.0,0.0
"org.jkiss.dbeaver.ext.mssql.ui.views",0,7,1.0,0.0,0.0
"org.jkiss.dbeaver.ext.mysql.model.net",0,1,1.0,0.0,0.0
"org.jkiss.dbeaver.ext.mysql.ui.internal",18,0,0.0,0.0,1.0
"org.jkiss.dbeaver.ext.mysql.ui",0,0,0.0,0.0,1.0
"org.jkiss.dbeaver.ext.netezza",0,1,1.0,0.0,0.0
"org.jkiss.dbeaver.ext.oceanbase.data",0,1,1.0,0.0,0.0
"org.jkiss.dbeaver.ext.oceanbase.model.auth",1,6,0.8571428571428571,0.0,0.1428571428571429
"org.jkiss.dbeaver.ext.oceanbase",0,7,1.0,0.0,0.0
"org.jkiss.dbeaver.ext.oceanbase.ui.views",0,8,1.0,0.0,0.0
"org.jkiss.dbeaver.ext.ocient",0,7,1.0,0.0,0.0
"org.jkiss.dbeaver.ext.opendistro",0,3,1.0,0.0,0.0
"org.jkiss.dbeaver.ext.oracle",2,11,0.8461538461538461,0.0,0.15384615384615385
"org.jkiss.dbeaver.ext.phoenix",0,1,1.0,0.0,0.0
"org.jkiss.dbeaver.ext.postgresql.model.net",0,1,1.0,0.0,0.0
"org.jkiss.dbeaver.ext.postgresql.sql",1,0,0.0,0.0,1.0
"org.jkiss.dbeaver.ext.postgresql.debug.core",3,7,0.7,0.0,0.30000000000000004
"org.jkiss.dbeaver.ext.postgresql.debug.internal.console",0,0,0.0,0.0,1.0
"org.jkiss.dbeaver.ext.postgresql.debug",4,0,0.0,0.0,1.0
"org.jkiss.dbeaver.ext.spanner",1,7,0.875,0.0,0.125
"org.jkiss.dbeaver.ext.spanner.ui.internal",1,0,0.0,0.0,1.0
"org.jkiss.dbeaver.ext.spanner.ui",1,0,0.0,0.0,1.0
"org.jkiss.dbeaver.ext.spanner.ui.views",0,10,1.0,0.0,0.0
"org.jkiss.dbeaver.ext.sqlite",1,6,0.8571428571428571,0.0,0.1428571428571429
"org.jkiss.dbeaver.ext.sqlite.ui.data.manager",0,4,1.0,0.0,0.0
"org.jkiss.dbeaver.ext.sqlite.ui",0,0,0.0,0.0,1.0
"org.jkiss.dbeaver.ext.teradata",0,1,1.0,0.0,0.0
"org.jkiss.dbeaver.ext.ui.locks.edit",3,4,0.5714285714285714,1.0,0.5714285714285714
"org.jkiss.dbeaver.ext.ui.locks",2,0,0.0,0.0,1.0
"org.jkiss.dbeaver.ext.ui.locks.manage",5,7,0.5833333333333334,0.0,0.41666666666666663
"org.jkiss.dbeaver.ext.vertica.ui.config",0,5,1.0,0.0,0.0
"org.jkiss.dbeaver.ext.wmi.edit",0,7,1.0,0.0,0.0
"org.jkiss.dbeaver.ext.wmi.views",0,6,1.0,0.0,0.0
"org.jkiss.dbeaver.bundle",5,0,0.0,0.0,1.0
"org.jkiss.dbeaver.model.exec.trace",2,0,0.0,1.0,0.0
"org.jkiss.dbeaver.model.messages",77,0,0.0,0.0,1.0
"org.jkiss.dbeaver.runtime.resource",3,0,0.0,0.0,1.0
"org.jkiss.dbeaver.runtime.ui.console",2,10,0.8333333333333334,0.0,0.16666666666666663
"org.jkiss.dbeaver.model.sql.data",4,6,0.6,0.0,0.4
"org.jkiss.dbeaver.model.sql.exec",1,8,0.8888888888888888,0.0,0.11111111111111116
"org.jkiss.dbeaver.model.sql.format.external",2,6,0.75,0.0,0.25
"org.jkiss.dbeaver.model.text",3,0,0.0,0.0,1.0
"org.jkiss.dbeaver.registry.internal",1,0,0.0,0.0,1.0
"org.jkiss.dbeaver.tasks.ui.nativetool.internal",7,0,0.0,0.0,1.0
"org.jkiss.dbeaver.tasks.ui.sql.internal",4,0,0.0,0.0,1.0
"org.jkiss.dbeaver.ui.tools",36,2,0.05263157894736842,1.0,0.05263157894736836
"org.jkiss.dbeaver.team.git.ui",0,0,0.0,0.0,1.0
"org.jkiss.dbeaver.team.git.ui.internal",1,0,0.0,0.0,1.0
"org.jkiss.dbeaver.team.git.ui.utils",3,2,0.4,0.0,0.6
"org.jkiss.dbeaver.ui.controls.finder.viewer",1,3,0.75,0.0,0.25
"org.jkiss.dbeaver.ui.dashboard.histogram",0,4,1.0,0.0,0.0
"org.jkiss.dbeaver.ui.dashboard.preferences",0,8,1.0,0.0,0.0
"org.jkiss.dbeaver.ui.editors.acl.internal",1,0,0.0,0.0,1.0
"org.jkiss.dbeaver.ui.editors.internal",9,0,0.0,0.0,1.0
"org.jkiss.dbeaver.ui.editors.object.config",0,5,1.0,0.0,0.0
"org.jkiss.dbeaver.ui.editors.object",1,4,0.8,0.0,0.19999999999999996
"org.jkiss.dbeaver.ui.actions.driver",0,1,1.0,0.0,0.0
"org.jkiss.dbeaver.ui.controls.resultset.internal",37,0,0.0,0.0,1.0
"org.jkiss.dbeaver.ui.controls.resultset.panel.aggregate",0,6,1.0,0.0,0.0
"org.jkiss.dbeaver.ui.controls.resultset.panel.metadata",0,11,1.0,0.0,0.0
"org.jkiss.dbeaver.ui.controls.resultset.plaintext",0,9,1.0,0.0,0.0
"org.jkiss.dbeaver.ui.editors.json.internal",1,0,0.0,0.0,1.0
"org.jkiss.dbeaver.ui.views.session.internal",1,0,0.0,0.0,1.0
"org.jkiss.dbeaver.runtime.sql",2,2,0.5,1.0,0.5
"org.jkiss.dbeaver.ui.editors.sql.execute",1,22,0.9565217391304348,0.0,0.04347826086956519
"org.jkiss.dbeaver.ui.editors.sql.plan",2,16,0.8888888888888888,0.0,0.11111111111111116
"org.jkiss.dbeaver.ui.editors.sql.preferences.format.tokenized",1,6,0.8571428571428571,0.0,0.1428571428571429
"org.jkiss.dbeaver.ui.editors.sql.scripts",1,9,0.9,0.0,0.09999999999999998
"org.jkiss.dbeaver.ui.search.internal",3,0,0.0,0.0,1.0
"org.jkiss.dbeaver.ext.test.desktop",0,0,0.0,0.0,1.0
"org.jkiss.dbeaver.ext.test.swtbot",0,0,0.0,0.0,1.0
"org.jkiss.dbeaver.ext.test.ui",1,2,0.6666666666666666,0.0,0.33333333333333337
"org.jkiss.dbeaver.data.transfer",0,1,1.0,0.0,0.0
"org.jkiss.dbeaver.model.sql.analyzer",0,3,1.0,0.0,0.0
"org.jkiss.dbeaver.test.platform",0,1,1.0,0.0,0.0
